warning: PrimeNumberTheoremAnd: repository '/home/stackcanary/riemann-hypothesis-research/.lake/packages/OAI/lean/.lake/packages/PrimeNumberTheoremAnd' has local changes
warning: belyi: repository '/home/stackcanary/riemann-hypothesis-research/.lake/packages/OAI/lean/.lake/packages/belyi' has local changes
warning: formal-schemes: repository '/home/stackcanary/riemann-hypothesis-research/.lake/packages/OAI/lean/.lake/packages/formal-schemes' has local changes
warning: elliptic-curves: repository '/home/stackcanary/riemann-hypothesis-research/.lake/packages/OAI/lean/.lake/packages/elliptic-curves' has local changes
warning: tempered-fundamental-groups: repository '/home/stackcanary/riemann-hypothesis-research/.lake/packages/OAI/lean/.lake/packages/tempered-fundamental-groups' has local changes
warning: oka: repository '/home/stackcanary/riemann-hypothesis-research/.lake/packages/OAI/lean/.lake/packages/oka' has local changes
warning: orbicurve-cores: repository '/home/stackcanary/riemann-hypothesis-research/.lake/packages/OAI/lean/.lake/packages/orbicurve-cores' has local changes
warning: pi1: repository '/home/stackcanary/riemann-hypothesis-research/.lake/packages/OAI/lean/.lake/packages/pi1' has local changes
warning: heights: repository '/home/stackcanary/riemann-hypothesis-research/.lake/packages/OAI/lean/.lake/packages/heights' has local changes
warning: genl: repository '/home/stackcanary/riemann-hypothesis-research/.lake/packages/OAI/lean/.lake/packages/genl' has local changes
warning: tate-curves-theta: repository '/home/stackcanary/riemann-hypothesis-research/.lake/packages/OAI/lean/.lake/packages/tate-curves-theta' has local changes
warning: iut: repository '/home/stackcanary/riemann-hypothesis-research/.lake/packages/OAI/lean/.lake/packages/iut' has local changes
warning: gromov: repository '/home/stackcanary/riemann-hypothesis-research/.lake/packages/OAI/lean/.lake/packages/gromov' has local changes
warning: SphereEversion: repository '/home/stackcanary/riemann-hypothesis-research/.lake/packages/OAI/lean/.lake/packages/SphereEversion' has local changes
warning: schoenflies-lean: repository '/home/stackcanary/riemann-hypothesis-research/.lake/packages/OAI/lean/.lake/packages/schoenflies-lean' has local changes
warning: ClassFieldTheory: repository '/home/stackcanary/riemann-hypothesis-research/.lake/packages/OAI/lean/.lake/packages/ClassFieldTheory' has local changes
warning: AINTLIB: repository '/home/stackcanary/riemann-hypothesis-research/.lake/packages/OAI/lean/.lake/packages/AINTLIB' has local changes
warning: AbsorptionCutoff: repository '/home/stackcanary/riemann-hypothesis-research/.lake/packages/OAI/lean/.lake/packages/AbsorptionCutoff' has local changes
warning: StrongPNT: repository '/home/stackcanary/riemann-hypothesis-research/.lake/packages/OAI/lean/.lake/packages/StrongPNT' has local changes
warning: carleson: repository '/home/stackcanary/riemann-hypothesis-research/.lake/packages/OAI/lean/.lake/packages/carleson' has local changes
warning: rellich-kondrachov: repository '/home/stackcanary/riemann-hypothesis-research/.lake/packages/OAI/lean/.lake/packages/rellich-kondrachov' has local changes
warning: Zeta3Irrational: repository '/home/stackcanary/riemann-hypothesis-research/.lake/packages/OAI/lean/.lake/packages/Zeta3Irrational' has local changes
warning: fixed-point-theorems: repository '/home/stackcanary/riemann-hypothesis-research/.lake/packages/OAI/lean/.lake/packages/fixed-point-theorems' has local changes
Building ComparatorChallenges.QuasiRiemannHypothesis
warning: PrimeNumberTheoremAnd: repository '/home/stackcanary/riemann-hypothesis-research/.lake/packages/OAI/lean/.lake/packages/PrimeNumberTheoremAnd' has local changes
warning: belyi: repository '/home/stackcanary/riemann-hypothesis-research/.lake/packages/OAI/lean/.lake/packages/belyi' has local changes
warning: formal-schemes: repository '/home/stackcanary/riemann-hypothesis-research/.lake/packages/OAI/lean/.lake/packages/formal-schemes' has local changes
warning: elliptic-curves: repository '/home/stackcanary/riemann-hypothesis-research/.lake/packages/OAI/lean/.lake/packages/elliptic-curves' has local changes
warning: tempered-fundamental-groups: repository '/home/stackcanary/riemann-hypothesis-research/.lake/packages/OAI/lean/.lake/packages/tempered-fundamental-groups' has local changes
warning: oka: repository '/home/stackcanary/riemann-hypothesis-research/.lake/packages/OAI/lean/.lake/packages/oka' has local changes
warning: orbicurve-cores: repository '/home/stackcanary/riemann-hypothesis-research/.lake/packages/OAI/lean/.lake/packages/orbicurve-cores' has local changes
warning: pi1: repository '/home/stackcanary/riemann-hypothesis-research/.lake/packages/OAI/lean/.lake/packages/pi1' has local changes
warning: heights: repository '/home/stackcanary/riemann-hypothesis-research/.lake/packages/OAI/lean/.lake/packages/heights' has local changes
warning: genl: repository '/home/stackcanary/riemann-hypothesis-research/.lake/packages/OAI/lean/.lake/packages/genl' has local changes
warning: tate-curves-theta: repository '/home/stackcanary/riemann-hypothesis-research/.lake/packages/OAI/lean/.lake/packages/tate-curves-theta' has local changes
warning: iut: repository '/home/stackcanary/riemann-hypothesis-research/.lake/packages/OAI/lean/.lake/packages/iut' has local changes
warning: gromov: repository '/home/stackcanary/riemann-hypothesis-research/.lake/packages/OAI/lean/.lake/packages/gromov' has local changes
warning: SphereEversion: repository '/home/stackcanary/riemann-hypothesis-research/.lake/packages/OAI/lean/.lake/packages/SphereEversion' has local changes
warning: schoenflies-lean: repository '/home/stackcanary/riemann-hypothesis-research/.lake/packages/OAI/lean/.lake/packages/schoenflies-lean' has local changes
warning: ClassFieldTheory: repository '/home/stackcanary/riemann-hypothesis-research/.lake/packages/OAI/lean/.lake/packages/ClassFieldTheory' has local changes
warning: AINTLIB: repository '/home/stackcanary/riemann-hypothesis-research/.lake/packages/OAI/lean/.lake/packages/AINTLIB' has local changes
warning: AbsorptionCutoff: repository '/home/stackcanary/riemann-hypothesis-research/.lake/packages/OAI/lean/.lake/packages/AbsorptionCutoff' has local changes
warning: StrongPNT: repository '/home/stackcanary/riemann-hypothesis-research/.lake/packages/OAI/lean/.lake/packages/StrongPNT' has local changes
warning: carleson: repository '/home/stackcanary/riemann-hypothesis-research/.lake/packages/OAI/lean/.lake/packages/carleson' has local changes
warning: rellich-kondrachov: repository '/home/stackcanary/riemann-hypothesis-research/.lake/packages/OAI/lean/.lake/packages/rellich-kondrachov' has local changes
warning: Zeta3Irrational: repository '/home/stackcanary/riemann-hypothesis-research/.lake/packages/OAI/lean/.lake/packages/Zeta3Irrational' has local changes
warning: fixed-point-theorems: repository '/home/stackcanary/riemann-hypothesis-research/.lake/packages/OAI/lean/.lake/packages/fixed-point-theorems' has local changes
✔ [4/117] Built Batteries.Lean.TagAttribute (662ms)
✔ [5/117] Built Batteries.Lean.Syntax (599ms)
✔ [6/117] Built Batteries.Classes.RatCast (586ms)
✔ [7/117] Built Batteries.Control.ForInStep.Basic (579ms)
✔ [8/117] Built Batteries.Data.Array.Init.Lemmas (589ms)
✔ [9/138] Built Batteries.Lean.Except (737ms)
✔ [10/138] Built Batteries.Lean.Position (697ms)
✔ [11/138] Built Batteries.Data.BitVec.Basic (615ms)
✔ [12/138] Built Batteries.Data.Bool (595ms)
✔ [13/141] Built Batteries.Tactic.Unreachable (874ms)
✔ [14/141] Built Batteries.Control.Lemmas (796ms)
✔ [15/141] Built Batteries.Data.FloatArray (722ms)
✔ [16/141] Built Batteries.Lean.HashMap (663ms)
✔ [17/141] Built Batteries.Data.List.ArrayMap (652ms)
✔ [18/141] Built Batteries.Data.List.Init.Lemmas (586ms)
✔ [19/157] Built Batteries.Data.Nat.Basic (792ms)
✔ [20/157] Built Batteries.Data.Float.Basic (825ms)
✔ [21/158] Built Batteries.Util.LibraryNote (1.0s)
✔ [22/158] Built Batteries.Tactic.SeqFocus (1.1s)
✔ [23/158] Built Batteries.Lean.EStateM (1.1s)
✔ [24/158] Built Batteries.Data.ByteSlice (891ms)
✔ [25/160] Built Batteries.Tactic.Lint.Basic (1.1s)
✔ [26/160] Built Batteries.Data.ByteArray (1.1s)
✔ [27/160] Built Batteries.Tactic.Init (1.3s)
✔ [28/160] Built Batteries.Control.LawfulMonadState (1.2s)
✔ [29/160] Built Batteries.Data.Array.Match (1.2s)
✔ [30/160] Built Batteries.Lean.System.IO (657ms)
✔ [31/160] Built Batteries.Data.NameSet (594ms)
✔ [32/160] Built Batteries.CodeAction.Attr (1.4s)
✔ [33/160] Built Batteries.Control.ForInStep.Lemmas (729ms)
✔ [34/160] Built Batteries.Data.String.AsciiCasing (602ms)
✔ [35/164] Built Batteries.Lean.AttributeExtra (799ms)
✔ [36/164] Built Batteries.CodeAction.Deprecated (1.4s)
✔ [37/164] Built Batteries.Data.Array.Merge (1.3s)
✔ [38/164] Built Batteries.Data.Nat.Bitwise.Lemmas (801ms)
✔ [39/164] Built Batteries.Data.RunningStats (780ms)
✔ [40/164] Built Batteries.Util.Panic (575ms)
✔ [41/165] Built Batteries.Data.Stream (790ms)
✔ [42/165] Built Batteries.Data.String.Basic (776ms)
✔ [43/165] Built Batteries.Lean.HashSet (661ms)
✔ [44/169] Built Batteries.Data.Float.Rat (645ms)
✔ [45/169] Built Batteries.Lean.Float (696ms)
✔ [46/169] Built Batteries.Lean.IO.Process (659ms)
✔ [47/169] Built Batteries.Lean.Json (636ms)
✔ [48/170] Built Batteries.Data.List.Interleave (1.6s)
✔ [49/178] Built Batteries.Classes.Cast (869ms)
✔ [50/178] Built Batteries.Lean.Expr (1.1s)
✔ [51/178] Built Batteries.Lean.LawfulMonad (851ms)
✔ [52/182] Built Batteries.Control.ForInStep (619ms)
✔ [53/182] Built Batteries.Data.List.Matcher (688ms)
✔ [54/186] Built Batteries.Data.BinaryHeap.Basic (2.1s)
✔ [55/186] Built Batteries.Data.Nat.Bitwise (629ms)
✔ [56/186] Built Batteries.Data.String.Legacy (1.3s)
✔ [57/186] Built Batteries.Lean.Meta.Expr (703ms)
✔ [58/186] Built Batteries.Lean.PersistentHashMap (694ms)
✔ [59/188] Built Batteries.Control.OptionT (865ms)
✔ [60/188] Built Batteries.Tactic.Lint.TypeClass (1.0s)
✔ [61/188] Built Batteries.Data.Rat.Float (602ms)
✔ [62/188] Built Batteries.Data.String.Matcher (698ms)
✔ [63/188] Built Batteries.Lean.MonadBacktrack (681ms)
✔ [64/191] Built Batteries.Linter.UnreachableTactic (1.5s)
✔ [65/191] Built Batteries.Data.Random.MersenneTwister (1.7s)
✔ [66/191] Built Batteries.Lean.LawfulMonadLift (1.1s)
✔ [67/191] Built Batteries.Lean.Meta.Basic (997ms)
✔ [68/191] Built Batteries.Lean.Meta.Inaccessible (814ms)
✔ [69/193] Built Batteries.Tactic.Lint.Misc (1.2s)
✔ [70/193] Built Batteries.Recycling.MonadSatisfying.Basic (1.3s)
✔ [71/193] Built Batteries.Tactic.Trans (2.4s)
✔ [72/193] Built Batteries.Data.Float.Lemmas (1.5s)
✔ [73/195] Built Batteries.CodeAction.Basic (1.2s)
✔ [74/195] Built Batteries.Lean.Meta.UnusedNames (828ms)
✔ [75/195] Built Batteries.Lean.PersistentHashSet (687ms)
✔ [76/195] Built Batteries.Data.BinaryHeap (596ms)
✔ [77/195] Built Batteries.Tactic.Lint.Simp (1.6s)
✔ [78/195] Built Batteries.Data.Rat (558ms)
✔ [79/195] Built Batteries.Lean.NameMapAttribute (896ms)
✔ [80/195] Built Batteries.Lean.Meta.DiscrTree (743ms)
✔ [81/207] Built Batteries.Linter.UnnecessarySeqFocus (1.5s)
✔ [82/207] Built Batteries.Data.Random (559ms)
✔ [83/207] Built Batteries.Lean.Meta.Simp (1.4s)
✔ [94/229] Built Batteries.Data.Float (572ms)
✔ [95/229] Built Batteries.Lean.Meta.InstantiateMVars (701ms)
✔ [96/229] Built Batteries.Lean.Meta.SavedState (718ms)
✔ [119/259] Built Batteries.Tactic.Lint.Frontend (2.0s)
✔ [120/259] Built Batteries.Lean.Util.EnvSearch (717ms)
✔ [121/259] Built Batteries.Tactic.PermuteGoals (983ms)
✔ [128/328] Built Batteries.Classes.SatisfiesM (614ms)
✔ [129/328] Built Batteries.Control.AlternativeMonad (1.1s)
✔ [130/328] Built Batteries.Tactic.Instances (1.2s)
✔ [131/336] Built Batteries.Recycling.MonadSatisfying.List (721ms)
✔ [132/336] Built Batteries.Tactic.Lemma (1.2s)
✔ [133/336] Built Batteries.Tactic.NoMatch (1.1s)
✔ [134/336] Built Batteries.Util.Cache (874ms)
✔ [137/348] Built Batteries.Recycling.MonadSatisfying.Lean (833ms)
✔ [138/348] Built Batteries.Tactic.Congr (1.5s)
✔ [139/348] Built Batteries.Tactic.PrintDependents (1.2s)
✔ [140/348] Built Batteries.Tactic.PrintOpaques (1.1s)
✔ [141/357] Built Batteries.Tactic.Alias (2.1s)
✔ [142/357] Built Batteries.Util.Pickle (638ms)
✔ [143/357] Built Batteries.Tactic.ShowUnused (1.3s)
✔ [144/357] Built ImportGraph.Imports.ImportGraph (686ms)
✔ [145/357] Built ImportGraph.Lean.Environment (644ms)
✔ [146/357] Built ImportGraph.Graph.TransitiveClosure (621ms)
✔ [147/357] Built Batteries.Linter (901ms)
✔ [148/357] Built Batteries.Util.ExtendedBinder (1.1s)
✔ [149/357] Built Batteries.CodeAction.Misc (2.5s)
✔ [150/361] Built Batteries.Tactic.Lint (913ms)
✔ [151/361] Built Batteries.Data.List.Monadic (736ms)
✔ [152/361] Built Aesop.Nanos (779ms)
✔ [153/361] Built Aesop.Index.DiscrTreeConfig (724ms)
✔ [154/363] Built Batteries.Tactic.Case (2.2s)
✔ [156/363] Built Aesop.Script.GoalWithMVars (818ms)
✔ [157/363] Built Aesop.Forward.LevelIndex (681ms)
✔ [158/383] Built Aesop.Script.Tactic (884ms)
✔ [159/383] Built Aesop.Util.UnorderedArraySet (913ms)
✔ [160/383] Built Aesop.Check (881ms)
✔ [161/383] Built Aesop.Forward.PremiseIndex (740ms)
✔ [162/395] Built Batteries.Recycling.MonadSatisfying.Array (1.6s)
✔ [163/395] Built Batteries.Lean.SatisfiesM (960ms)
✔ [164/395] Built Batteries.Tactic.HelpCmd (2.3s)
✔ [165/395] Built Aesop.Options.Public (943ms)
✔ [166/395] Built Aesop.Percent (820ms)
✔ [167/397] Built Aesop.Rule.Name (1.1s)
✔ [168/400] Built Batteries.Tactic.PrintPrefix (1.4s)
✔ [169/420] Built Batteries.Tactic.Exact (1.0s)
✔ [170/420] Built Aesop.Script.OptimizeSyntax (1.2s)
✔ [171/447] Built Batteries.Logic (1.1s)
✔ [172/447] Built ImportGraph.Imports.Redundant (717ms)
✔ [173/450] Built Batteries.Data.MLList.Basic (1.6s)
✔ [174/451] Built Batteries.Data.HashMap.Basic (1.2s)
✔ [175/451] Built Batteries.Data.Range.Lemmas (1.2s)
✔ [176/451] Built Aesop.Forward.SlotIndex (787ms)
✔ [177/451] Built Aesop.Util.Tactic (780ms)
✔ [178/451] Built Aesop.Constants (613ms)
✔ [179/469] Built Batteries.Data.Array.Monadic (658ms)
✔ [180/469] Built Aesop.Script.TacticState (944ms)
✔ [181/469] Built Aesop.Util.UnionFind (888ms)
✔ [182/469] Built Aesop.Util.OrderedHashSet (755ms)
✔ [185/474] Built Batteries.Data.Array.Pairwise (1.4s)
✔ [186/474] Built Batteries.Data.Nat.Lemmas (1.4s)
✔ [187/474] Built Batteries.Recycling.MonadSatisfying.Vector (823ms)
✔ [188/474] Built ImportGraph.Imports.RequiredModules (1.2s)
✔ [189/474] Built ImportGraph.Tools.ImportDiff (1.1s)
✔ [190/474] Built Aesop.Options.Internal (759ms)
✔ [191/474] Built Aesop.RuleSet.Name (659ms)
✔ [192/482] Built Batteries.Data.DList.Basic (1.2s)
✔ [193/482] Built Batteries.Tactic.GeneralizeProofs (3.3s)
✔ [194/482] Built Batteries.Tactic.SqueezeScope (2.9s)
✔ [198/482] Built Aesop.ElabM (1.1s)
✔ [199/586] Built Aesop.RuleTac.RuleTerm (855ms)
✔ [200/586] Built Aesop.Util.Unfold (1.1s)
✔ [204/599] Built Aesop.Exception (807ms)
✔ [205/599] Built Aesop.Frontend.Basic (729ms)
✔ [206/619] Built Batteries.Data.MLList.Heartbeats (679ms)
✔ [207/619] Built Batteries.Data.MLList.IO (688ms)
✔ [208/619] Built Aesop.Search.Expansion.Simp (945ms)
✔ [219/807] Built Batteries.Control.Nondet.Basic (976ms)
✔ [220/807] Built Batteries.Data.UnionFind.Basic (3.0s)
✔ [221/807] Built Batteries.Data.Vector.Monadic (618ms)
✔ [224/1032] Built Batteries.Data.HashMap (872ms)
✔ [225/1032] Built Batteries.Data.Range (946ms)
✔ [226/1032] Built Batteries.Recycling.MonadSatisfying (765ms)
✔ [227/1032] Built ImportGraph.Tools.RedundantImports (1.1s)
✔ [228/1032] Built Aesop.RuleSet.Filter (735ms)
✔ [229/1032] Built Qq.ForLean.ToExpr (792ms)
✔ [230/1032] Built Qq.Typ (734ms)
✔ [232/1264] Built Qq.ForLean.ReduceEval (868ms)
✔ [233/1483] Built Batteries.Data.Fin.OfBits (936ms)
✔ [234/1483] Built Qq.SortLocalDecls (836ms)
✔ [235/1483] Built Plausible.Shrinkable (704ms)
✔ [236/1483] Built Plausible.Attr (638ms)
✔ [237/1613] Built Batteries.Data.Int (1.0s)
✔ [238/1613] Built Batteries.Data.DList.Lemmas (975ms)
✔ [239/1613] Built ImportGraph.Tools.MinImports (1.0s)
✔ [240/1613] Built Aesop.Util.EqualUpToIds (2.8s)
✔ [241/1613] Built Qq.ForLean.Do (913ms)
✔ [242/1613] Built LeanSearchClient.Basic (647ms)
✔ [243/1828] Built Batteries.Util.ProofWanted (3.6s)
✔ [244/1828] Built Batteries.Data.MLList (663ms)
✔ [245/1828] Built Aesop.RuleTac.ElabRuleTerm (1.1s)
✔ [246/1828] Built Plausible.Random (878ms)
✔ [247/2042] Built ImportGraph.Tools.FindHome (1.2s)
✔ [248/2042] Built Aesop.Util.Basic (2.2s)
✔ [249/2042] Built Aesop.Util.Tactic.Unfold (1.1s)
✔ [250/2042] Built ProofWidgets.Compat (727ms)
✔ [251/2191] Built Batteries.Data.Fin.Basic (1.3s)
✔ [252/2191] Built ProofWidgets.Util (865ms)
✔ [253/3056] Built Batteries.Data.UnionFind.Lemmas (1.0s)
✔ [254/3316] Built Batteries.Data.DList (704ms)
✔ [255/3749] Built Batteries.Tactic.Basic (794ms)
✔ [256/3749] Built Plausible.Gen (859ms)
✔ [257/3878] Built ImportGraph.Tools (813ms)
✔ [417/4039] Built Batteries.Data.BitVec.Lemmas (1.1s)
✔ [460/4039] Built Aesop.Script.Util (860ms)
✔ [461/4039] Built Aesop.Script.CtorNames (903ms)
✔ [462/4039] Built Aesop.RuleTac.Forward.Basic (904ms)
✔ [565/4260] Built ProofWidgets.Component.Basic (1.0s)
✔ [567/4563] Built Batteries.Data.UnionFind (707ms)
✔ [568/4563] Built Aesop.EMap (1.0s)
✔ [570/4631] Built Batteries.Data.List.Basic (3.7s)
✔ [571/4631] Built Aesop.Tracing (1.1s)
✔ [572/4631] Built Aesop.Forward.Substitution (1.2s)
✔ [573/4631] Built Plausible.DeriveShrinkable (1.5s)
✔ [574/4631] Built ProofWidgets.Cancellable (1.1s)
✔ [580/4938] Built Batteries.Data.Fin.Fold (1.3s)
✔ [583/5231] Built Plausible.Arbitrary (685ms)
✔ [584/5502] Built LeanSearchClient.Syntax (1.7s)
✔ [586/5953] Built Batteries.Classes.Order (1.0s)
✔ [587/5953] Built Batteries.Data.BitVec (762ms)
✔ [599/6259] Built Aesop.RulePattern.Cache (688ms)
✔ [600/6259] Built Plausible.ArbitraryFueled (526ms)
✔ [601/6259] Built ProofWidgets.Component.MakeEditLink (828ms)
✔ [602/6357] Built ProofWidgets.Component.Panel.Basic (1.0s)
✔ [604/6524] Built Batteries.Data.List.Pairwise (924ms)
✔ [605/6524] Built Aesop.Index.Basic (881ms)
✔ [606/6716] Built Aesop.Util.Tactic.Ext (1.0s)
✔ [609/6874] Built Batteries.Data.Nat.Bisect (1.6s)
✔ [610/6999] Built Aesop.Script.Step (1.3s)
✔ [611/6999] Built Plausible.Sampleable (989ms)
✔ [614/7117] Built Batteries.Data.AssocList.Basic (1.3s)
✔ [615/7117] Built Aesop.Stats.Basic (1.4s)
✔ [627/7209] Built Batteries.CodeAction.Match (1.4s)
✔ [636/7306] Built Batteries.Data.Fin.Lemmas (1.6s)
✔ [643/7597] Built Batteries.Data.UInt (1.3s)
✔ [644/7697] Built LeanSearchClient.LoogleSyntax (1.6s)
✔ [653/7893] Built Batteries.Data.Nat (874ms)
✔ [654/7893] Built Batteries.Data.PairingHeap (1.5s)
✔ [657/8130] Built Aesop.Script.UScript (866ms)
✔ [658/8130] Built Aesop.Script.SScript (924ms)
✔ [659/8130] Built Plausible.Functions (960ms)
✔ [660/8174] Built Batteries.CodeAction (882ms)
✔ [661/8174] Built Aesop.BaseM (867ms)
✔ [662/8174] Built Aesop.Stats.Extension (843ms)
✔ [663/8174] Built Aesop.Stats.File (838ms)
✔ [664/8276] Built Qq.Macro (4.0s)
✔ [665/8370] Built Plausible.DeriveArbitrary (1.7s)
✔ [666/8370] Built ProofWidgets.Data.Html (2.6s)
✔ [670/8545] Built Batteries.Data.AssocList.Lemmas (1.2s)
✔ [692/8782] Built LeanSearchClient (864ms)
✔ [710/8930] Built Aesop.Script.Check (832ms)
✔ [717/8930] Built Aesop.Script.ScriptM (904ms)
✔ [718/8930] Built Aesop.Stats.Report (1.1s)
✔ [719/8930] Built Plausible.Testable (2.0s)
✔ [721/8930] Built Batteries.Data.AssocList (872ms)
✔ [722/8930] Built Batteries.Recycling.RBTree.Basic (2.8s)
✔ [723/8930] Built Aesop.Script.UScriptToSScript (1.3s)
✔ [724/8930] Built Aesop.RuleTac.GoalDiff (1.3s)
✔ [725/8930] Built ProofWidgets.Component.FilterDetails (987ms)
✔ [726/8930] Built ProofWidgets.Component.OfRpcMethod (1.2s)
✔ [732/8930] Built Batteries.Data.Vector.Basic (1.9s)
✔ [733/8930] Built Qq.Commands (1.2s)
✔ [734/8930] Built Aesop.RulePattern (1.6s)
✔ [735/8930] Built ProofWidgets.Component.RefreshComponent (1.3s)
✔ [746/8930] Built ProofWidgets.Component.HtmlDisplay (1.0s)
✔ [747/8930] Built Qq.Delab (1.4s)
✔ [748/8930] Built ProofWidgets.Component.PenroseDiagram (1.2s)
✔ [749/8930] Built ProofWidgets.Presentation.Expr (1.3s)
✔ [750/8930] Built Batteries.Data.RBMap.Basic (788ms)
✔ [751/8930] Built Batteries.Data.String.Lemmas (3.8s)
✔ [752/8930] Built Plausible.Tactic (979ms)
✔ [753/8930] Built Aesop.RuleTac.Basic (868ms)
✔ [754/8930] Built Batteries.Data.Array.Basic (2.7s)
✔ [755/8930] Built Batteries.Data.BinomialHeap.Basic (3.0s)
✔ [756/8930] Built Aesop.Script.StructureStatic (1.1s)
✔ [757/8930] Built Qq.MetaM (875ms)
✔ [759/8930] Built Aesop.Index.RulePattern (984ms)
✔ [761/8930] Built Aesop.Script.SpecificTactics (1.8s)
✔ [762/8930] Built Aesop.Script.StructureDynamic (1.5s)
✔ [763/8930] Built Plausible (717ms)
✔ [764/8930] Built Batteries.Data.List.Lemmas (5.0s)
✔ [765/8930] Built Batteries.Data.String (763ms)
✔ [766/8930] Built Aesop.Search.Expansion.Basic (718ms)
✔ [770/8930] Built Aesop.RuleTac.Tactic (848ms)
✔ [771/8930] Built Batteries.Data.BinomialHeap.Lemmas (856ms)
✔ [772/8930] Built Qq.Simp (673ms)
✔ [773/8930] Built Qq.MatchImpl (676ms)
✔ [775/8930] Built Aesop.Forward.RuleInfo (1.1s)
✔ [776/8930] Built Aesop.RuleTac.Preprocess (641ms)
✔ [777/8930] Built Aesop.Script.Main (696ms)
✔ [778/8930] Built Aesop.RuleTac.Apply (746ms)
✔ [779/8930] Built Aesop.RuleTac.Cases (808ms)
✔ [780/8930] Built Qq.AssertInstancesCommute (995ms)
✔ [781/8930] Built Batteries.Data.BinomialHeap (616ms)
✔ [782/8930] Built Batteries.Data.Char.Basic (937ms)
✔ [783/8930] Built Batteries.Recycling.RBTree.WF (2.6s)
✔ [784/8930] Built Batteries.Data.Array.Lemmas (1.1s)
✔ [785/8930] Built Batteries.Data.List.Count (1.1s)
✔ [786/8930] Built Aesop.Rule.Forward (622ms)
✔ [787/8930] Built Batteries.Data.List.Scan (1.2s)
✔ [788/8930] Built Batteries.Data.RBMap.WF (598ms)
✔ [789/8930] Built Batteries.Recycling.RBTree.Depth (712ms)
✔ [790/8930] Built Batteries.Data.RBMap.Alter (723ms)
✔ [791/8930] Built Batteries.Data.Char.AsciiCasing (841ms)
✔ [792/8930] Built Aesop.Forward.Match.Types (657ms)
✔ [793/8930] Built Batteries.Recycling.RBTree.Alter (1.2s)
✔ [794/8930] Built Batteries.Data.RBMap.Depth (652ms)
✔ [795/8930] Built Batteries.Data.Array.Scan (1.3s)
✔ [796/8930] Built Batteries.Data.Char (638ms)
✔ [797/8930] Built Batteries.Data.List.Perm (1.2s)
✔ [798/8930] Built Aesop.RuleTac.Descr (582ms)
✔ [799/8930] Built Aesop.Index.Forward (705ms)
✔ [800/8930] Built Qq.Match (2.4s)
✔ [801/8930] Built Batteries.Data.Array (548ms)
✔ [802/8930] Built Batteries.Data.List (695ms)
✔ [803/8930] Built Aesop.Rule.Basic (670ms)
✔ [804/8930] Built Qq (559ms)
✔ [848/8930] Built Batteries.Data.Vector.Lemmas (1.1s)
✔ [849/8930] Built Aesop.Rule (764ms)
✔ [850/8930] Built Batteries.Data.Fin.Coding (1.5s)
✔ [851/8930] Built Aesop.Index (962ms)
✔ [852/8930] Built Batteries.Data.Vector (589ms)
✔ [853/8930] Built Aesop.Tree.UnsafeQueue (574ms)
✔ [854/8930] Built Aesop.RuleSet.Member (617ms)
✔ [855/8930] Built Batteries.Data.Fin (589ms)
✔ [856/8930] Built Batteries.Recycling.RBTree.Lemmas (2.6s)
✔ [857/8930] Built Aesop.Forward.Match (941ms)
✔ [858/8930] Built Aesop.Builder.Basic (571ms)
✔ [859/8930] Built Batteries.Data.RBMap.Lemmas (544ms)
✔ [860/8930] Built Batteries.Recycling.RBTree (540ms)
✔ [861/8930] Built Aesop.Tree.Data.ForwardRuleMatches (636ms)
✔ [862/8930] Built Aesop.Builder.Tactic (588ms)
✔ [863/8930] Built Aesop.Builder.Unfold (570ms)
✔ [864/8930] Built Aesop.Builder.Cases (624ms)
✔ [865/8930] Built Aesop.Builder.Constructors (687ms)
✔ [866/8930] Built Aesop.Builder.NormSimp (685ms)
✔ [867/8930] Built Aesop.Builder.Apply (707ms)
✔ [868/8930] Built Batteries.Data.RBMap (587ms)
✔ [869/8930] Built Aesop.RuleTac.Forward (1.1s)
✔ [870/8930] Built Aesop.Builder.Forward (1.0s)
✔ [871/8930] Built Aesop.Builder.Default (554ms)
✔ [872/8930] Built Aesop.RuleTac (494ms)
✔ [873/8930] Built Batteries (642ms)
✔ [874/8930] Built Aesop.RuleSet (1.7s)
✔ [875/8930] Built Aesop.Forward.State (2.9s)
✔ [876/8930] Built Aesop.Frontend.Extension.Init (498ms)
✔ [877/8930] Built Aesop.Frontend.RuleExpr (1.4s)
✔ [878/8930] Built Aesop.Forward.State.ApplyGoalDiff (595ms)
✔ [879/8930] Built Aesop.Forward.State.Initial (688ms)
✔ [880/8930] Built Aesop.Frontend.Extension (751ms)
✔ [881/8930] Built Aesop.Tree.Data (1.1s)
✔ [882/8930] Built Aesop.Frontend.Attribute (741ms)
✔ [883/8930] Built Aesop.Search.Queue.Class (528ms)
✔ [884/8930] Built Aesop.Tree.RunMetaM (646ms)
✔ [885/8930] Built Aesop.Tree.Traversal (613ms)
✔ [886/8930] Built Aesop.Frontend.Tactic (956ms)
✔ [887/8930] Built Aesop.Tree.TreeM (749ms)
✔ [888/8930] Built Aesop.Frontend.Command (1.1s)
✔ [891/8930] Built Aesop.BuiltinRules.Rfl (690ms)
✔ [892/8930] Built Aesop.BuiltinRules.Ext (785ms)
✔ [893/8930] Built Aesop.BuiltinRules.Split (782ms)
✔ [894/8930] Built Aesop.BuiltinRules.ApplyHyps (885ms)
✔ [895/8930] Built Aesop.BuiltinRules.Intros (901ms)
✔ [896/8930] Built Aesop.BuiltinRules.Subst (894ms)
✔ [897/8930] Built Aesop.BuiltinRules.Assumption (972ms)
✔ [898/8930] Built Aesop.BuiltinRules.DestructProducts (1.0s)
✔ [899/8930] Built Aesop.Tree.State (811ms)
✔ [900/8930] Built Aesop.Forward.State.UpdateGoal (705ms)
✔ [901/8930] Built Aesop.Search.Queue (842ms)
✔ [902/8930] Built Aesop.Tree.Free (691ms)
✔ [903/8930] Built Aesop.Tree.Stats (712ms)
✔ [904/8930] Built Aesop.Search.SearchM (807ms)
✔ [905/8930] Built Aesop.Tree.Tracing (1.1s)
✔ [906/8930] Built Aesop.Tree.ExtractProof (1.0s)
✔ [907/8930] Built Aesop.Tree.ExtractScript (1.1s)
✔ [908/8930] Built Aesop.Saturate (2.4s)
✔ [909/8930] Built Aesop.BuiltinRules (627ms)
✔ [910/8930] Built Aesop.Tree.AddRapp (1.2s)
✔ [911/8930] Built Aesop.Search.RuleSelection (610ms)
✔ [912/8930] Built Aesop.Tree.Check (895ms)
✔ [913/8930] Built Aesop.Frontend.Saturate (812ms)
✔ [914/8930] Built Aesop.Frontend (541ms)
✔ [922/8930] Built Aesop.Search.Expansion.Norm (1.6s)
✔ [923/8930] Built Aesop.Search.Expansion (1.1s)
✔ [924/8930] Built Aesop.Search.ExpandSafePrefix (669ms)
✔ [925/8930] Built Aesop.Search.Main (1.3s)
✔ [926/8930] Built Aesop.Main (763ms)
✔ [964/8930] Built Aesop (529ms)
⚠ [8930/8930] Built ComparatorChallenges.QuasiRiemannHypothesis (31s)
warning: ComparatorChallenges/QuasiRiemannHypothesis.lean:5:8: declaration uses `sorry`
Build completed successfully (8930 jobs).
Exporting #[Quot, Quot.mk, Quot.lift, Quot.ind, OAI.riemannZeta_ne_zero_of_seven_eighths_lt_re, propext, Quot.sound, Classical.choice, Nat.add, Nat.sub, Nat.mul, Nat.pow, Nat.gcd, Nat.div, Nat.mod, Nat.beq, Nat.ble, Nat.land, Nat.lor, Nat.xor, Nat.shiftLeft, Nat.shiftRight, String.ofList, Char.ofNat, List, eagerReduce, Nat, String, String.mk, Char, optParam, autoParam, semiOutParam, outParam] from ComparatorChallenges.QuasiRiemannHypothesis
Building OAI.NumberTheory.DirichletL.Nonvanishing
warning: PrimeNumberTheoremAnd: repository '/home/stackcanary/riemann-hypothesis-research/.lake/packages/OAI/lean/.lake/packages/PrimeNumberTheoremAnd' has local changes
warning: belyi: repository '/home/stackcanary/riemann-hypothesis-research/.lake/packages/OAI/lean/.lake/packages/belyi' has local changes
warning: formal-schemes: repository '/home/stackcanary/riemann-hypothesis-research/.lake/packages/OAI/lean/.lake/packages/formal-schemes' has local changes
warning: elliptic-curves: repository '/home/stackcanary/riemann-hypothesis-research/.lake/packages/OAI/lean/.lake/packages/elliptic-curves' has local changes
warning: tempered-fundamental-groups: repository '/home/stackcanary/riemann-hypothesis-research/.lake/packages/OAI/lean/.lake/packages/tempered-fundamental-groups' has local changes
warning: oka: repository '/home/stackcanary/riemann-hypothesis-research/.lake/packages/OAI/lean/.lake/packages/oka' has local changes
warning: orbicurve-cores: repository '/home/stackcanary/riemann-hypothesis-research/.lake/packages/OAI/lean/.lake/packages/orbicurve-cores' has local changes
warning: pi1: repository '/home/stackcanary/riemann-hypothesis-research/.lake/packages/OAI/lean/.lake/packages/pi1' has local changes
warning: heights: repository '/home/stackcanary/riemann-hypothesis-research/.lake/packages/OAI/lean/.lake/packages/heights' has local changes
warning: genl: repository '/home/stackcanary/riemann-hypothesis-research/.lake/packages/OAI/lean/.lake/packages/genl' has local changes
warning: tate-curves-theta: repository '/home/stackcanary/riemann-hypothesis-research/.lake/packages/OAI/lean/.lake/packages/tate-curves-theta' has local changes
warning: iut: repository '/home/stackcanary/riemann-hypothesis-research/.lake/packages/OAI/lean/.lake/packages/iut' has local changes
warning: gromov: repository '/home/stackcanary/riemann-hypothesis-research/.lake/packages/OAI/lean/.lake/packages/gromov' has local changes
warning: SphereEversion: repository '/home/stackcanary/riemann-hypothesis-research/.lake/packages/OAI/lean/.lake/packages/SphereEversion' has local changes
warning: schoenflies-lean: repository '/home/stackcanary/riemann-hypothesis-research/.lake/packages/OAI/lean/.lake/packages/schoenflies-lean' has local changes
warning: ClassFieldTheory: repository '/home/stackcanary/riemann-hypothesis-research/.lake/packages/OAI/lean/.lake/packages/ClassFieldTheory' has local changes
warning: AINTLIB: repository '/home/stackcanary/riemann-hypothesis-research/.lake/packages/OAI/lean/.lake/packages/AINTLIB' has local changes
warning: AbsorptionCutoff: repository '/home/stackcanary/riemann-hypothesis-research/.lake/packages/OAI/lean/.lake/packages/AbsorptionCutoff' has local changes
warning: StrongPNT: repository '/home/stackcanary/riemann-hypothesis-research/.lake/packages/OAI/lean/.lake/packages/StrongPNT' has local changes
warning: carleson: repository '/home/stackcanary/riemann-hypothesis-research/.lake/packages/OAI/lean/.lake/packages/carleson' has local changes
warning: rellich-kondrachov: repository '/home/stackcanary/riemann-hypothesis-research/.lake/packages/OAI/lean/.lake/packages/rellich-kondrachov' has local changes
warning: Zeta3Irrational: repository '/home/stackcanary/riemann-hypothesis-research/.lake/packages/OAI/lean/.lake/packages/Zeta3Irrational' has local changes
warning: fixed-point-theorems: repository '/home/stackcanary/riemann-hypothesis-research/.lake/packages/OAI/lean/.lake/packages/fixed-point-theorems' has local changes
✔ [4118/6592] Built OAI.NumberTheory.DirichletL.Supremum (2.8s)
✔ [4119/6680] Built OAI.NumberTheory.DirichletL.CubicSieve.Factorization (2.8s)
✔ [4120/6844] Built OAI.NumberTheory.DirichletL.Detector.Compensation (3.3s)
✔ [4121/6999] Built OAI.NumberTheory.DirichletL.EulerFactors (3.4s)
✔ [4122/6999] Built OAI.NumberTheory.DirichletL.Descent.Marks (3.4s)
✔ [4123/6999] Built OAI.NumberTheory.DirichletL.Descent.Overlap (3.4s)
✔ [4125/7061] Built OAI.NumberTheory.DirichletL.CubicSieve.Algebra (3.6s)
✔ [4126/7061] Built OAI.NumberTheory.DirichletL.Detector.Euler (3.3s)
✔ [4127/7061] Built RellichKondrachov.Analysis.FunctionalSpaces.Sobolev.Euclidean.L2Compactness.Kernels (4.3s)
✔ [4128/7061] Built PrimeNumberTheoremAnd.SmoothExistence (4.1s)
✔ [4129/7061] Built OAI.NumberTheory.DirichletL.Detector.Local (3.7s)
✔ [4130/7061] Built OAI.NumberTheory.DirichletL.Detector.Basic (3.5s)
✔ [4131/7061] Built OAI.NumberTheory.DirichletL.Moments.Basic (4.3s)
✔ [4132/7061] Built OAI.NumberTheory.DirichletL.Descent.Basic (3.4s)
✔ [4133/7061] Built OAI.NumberTheory.DirichletL.FiniteFourier (4.3s)
✔ [4134/7061] Built OAI.NumberTheory.DirichletL.Parameters (3.7s)
✔ [4135/7061] Built OAI.NumberTheory.DirichletL.HeathBrownIteration (3.6s)
✔ [4136/7061] Built OAI.NumberTheory.DirichletL.Descent.Fibers (3.7s)
✔ [4137/7061] Built RellichKondrachov.MeasureTheory.Function.LpSpace.Restrict (4.8s)
✔ [4138/7061] Built OAI.NumberTheory.DirichletL.Moments.Correlation (4.7s)
✔ [4139/7061] Built OAI.NumberTheory.DirichletL.Detector.Gauss (4.8s)
✔ [4140/7061] Built OAI.NumberTheory.DirichletL.Descent.LocalReflection (4.2s)
✔ [4141/7061] Built RellichKondrachov.Analysis.FunctionalSpaces.Sobolev.Euclidean.H1 (5.4s)
✔ [4142/7061] Built OAI.NumberTheory.DirichletL.Endpoint (4.2s)
✔ [4143/7061] Built OAI.NumberTheory.DirichletL.Detector (5.2s)
✔ [4144/7061] Built OAI.NumberTheory.DirichletL.CubicSieve.Operator (5.9s)
✔ [4145/7061] Built OAI.NumberTheory.DirichletL.Descent.SlotAssignments (2.9s)
✔ [4146/7061] Built OAI.NumberTheory.DirichletL.Continuation (3.7s)
✔ [4147/7061] Built OAI.NumberTheory.DirichletL.LogarithmicControl (6.3s)
✔ [4148/7061] Built OAI.NumberTheory.DirichletL.Arithmetic.EisensteinCoordinates (7.2s)
✔ [4149/7061] Built OAI.NumberTheory.DirichletL.Descent.SieveComposition (3.0s)
✔ [4150/7061] Built PrimeNumberTheoremAnd.Sobolev (7.8s)
✔ [4151/7061] Built OAI.NumberTheory.DirichletL.Inversion.InitialMarkedReserve (2.5s)
✔ [4152/7061] Built OAI.NumberTheory.DirichletL.FiniteConductor (3.7s)
✔ [4153/7061] Built OAI.NumberTheory.DirichletL.Detector.CorrectionBounds (3.9s)
✔ [4154/7061] Built RellichKondrachov.Analysis.FunctionalSpaces.Sobolev.Euclidean.L2Compactness.Smoothing (3.7s)
✔ [4155/7061] Built OAI.NumberTheory.DirichletL.Moments.CRT (3.7s)
✔ [4156/7061] Built OAI.NumberTheory.DirichletL.Moments.FullCorrelation (3.8s)
✔ [4157/7061] Built OAI.NumberTheory.DirichletL.ThetaProduct (8.4s)
✔ [4158/7061] Built OAI.NumberTheory.DirichletL.ParametersSlotLengths (3.9s)
✔ [4159/7061] Built OAI.NumberTheory.DirichletL.Moments.PrimePower (3.9s)
✔ [4160/7061] Built OAI.NumberTheory.DirichletL.CubicDyadicDecay (7.7s)
✔ [4161/7061] Built RellichKondrachov.Analysis.FunctionalSpaces.Sobolev.Euclidean.Translation (3.4s)
✔ [4162/7061] Built RellichKondrachov.Analysis.FunctionalSpaces.Sobolev.Euclidean.TranslationEstimate (3.5s)
✔ [4163/7061] Built OAI.NumberTheory.DirichletL.CubicSieve.Blocks (3.1s)
✔ [4164/7061] Built OAI.NumberTheory.DirichletL.Hecke.MellinIdentity (2.9s)
✔ [4165/7061] Built OAI.NumberTheory.DirichletL.ContinuationInversion (3.1s)
✔ [4166/7061] Built PrimeNumberTheoremAnd.Fourier (3.1s)
✔ [4167/7061] Built OAI.NumberTheory.DirichletL.Detector.NormalProduct (2.9s)
✔ [4168/7061] Built RellichKondrachov.Analysis.FunctionalSpaces.Sobolev.Euclidean.L2Compactness.Compactness (2.9s)
✔ [4169/7061] Built OAI.NumberTheory.DirichletL.CharacterTransport (3.4s)
✔ [4170/7061] Built OAI.NumberTheory.DirichletL.Mellin.ExponentialSmoothing (4.6s)
✔ [4171/7061] Built OAI.NumberTheory.DirichletL.ConductorBounds (3.5s)
✔ [4172/7061] Built OAI.NumberTheory.DirichletL.Detector.GramCommonParam (3.1s)
✔ [4173/7061] Built OAI.NumberTheory.DirichletL.Arithmetic.EisensteinIdeals (4.8s)
✔ [4174/7061] Built OAI.NumberTheory.DirichletL.EisensteinTheta (3.5s)
✔ [4175/7061] Built OAI.NumberTheory.DirichletL.GaussSum.ChineseRemainder (5.4s)
✔ [4176/7061] Built RellichKondrachov.Analysis.FunctionalSpaces.Sobolev.Euclidean.TranslationEstimateL2 (3.5s)
✔ [4177/7061] Built OAI.NumberTheory.DirichletL.ContinuationContour (2.0s)
✔ [4178/7061] Built RellichKondrachov.Analysis.FunctionalSpaces.Sobolev.Euclidean.L2Compactness.Approximation (5.1s)
✔ [4179/7061] Built OAI.NumberTheory.DirichletL.Detector.GramCommonSum (2.4s)
✔ [4180/7061] Built OAI.NumberTheory.DirichletL.Detector.GramCommonLinear (2.5s)
✔ [4181/7061] Built OAI.NumberTheory.DirichletL.ConductorPresentation (2.0s)
✔ [4182/7061] Built OAI.NumberTheory.DirichletL.LatticeSummability (2.9s)
✔ [4183/7061] Built OAI.NumberTheory.DirichletL.ParametersDetectorScales (6.9s)
✔ [4184/7061] Built OAI.NumberTheory.DirichletL.ContinuationPolynomialContour (2.9s)
✔ [4185/7061] Built RellichKondrachov.Analysis.FunctionalSpaces.Sobolev.Euclidean.L2Compactness.ArzelaAscoli (4.7s)
✔ [4186/7061] Built RellichKondrachov.Analysis.FunctionalSpaces.Sobolev.Euclidean.TranslationEstimateH1 (4.0s)
✔ [4187/7061] Built OAI.NumberTheory.DirichletL.Hecke.Theta (4.7s)
✔ [4188/7061] Built RellichKondrachov.Analysis.FunctionalSpaces.Sobolev.Euclidean.L2Compactness.TranslationIntegral (3.6s)
✔ [4189/7061] Built OAI.NumberTheory.DirichletL.ResidueCharacter (3.5s)
✔ [4190/7061] Built OAI.NumberTheory.DirichletL.ContinuationShiftedGaussian (3.0s)
✔ [4191/7061] Built OAI.NumberTheory.DirichletL.PeriodicThetaRegularity (2.4s)
✔ [4192/7061] Built OAI.NumberTheory.DirichletL.ParametersCentralBudget (3.7s)
✔ [4193/7061] Built OAI.NumberTheory.DirichletL.Hecke.ThetaSeries (2.4s)
✔ [4194/7061] Built OAI.NumberTheory.DirichletL.Hecke.Family (2.7s)
✔ [4195/7061] Built RellichKondrachov.Analysis.FunctionalSpaces.Sobolev.Euclidean.L2Compactness.Transfer (4.2s)
✔ [4196/7061] Built PrimeNumberTheoremAnd.Wiener (9.2s)
✔ [4197/7061] Built OAI.NumberTheory.DirichletL.Mellin.LogProfiles (8.0s)
✔ [4198/7061] Built OAI.NumberTheory.DirichletL.IdealCharacter (2.8s)
✔ [4199/7061] Built OAI.NumberTheory.DirichletL.Hecke.FamilySeries (2.5s)
✔ [4200/7061] Built OAI.NumberTheory.DirichletL.ParametersHighData (2.9s)
✔ [4201/7061] Built OAI.NumberTheory.DirichletL.Hecke.Operations (2.6s)
✔ [4202/7061] Built OAI.NumberTheory.DirichletL.Hecke.Coordinates (2.8s)
✔ [4203/7061] Built OAI.NumberTheory.DirichletL.PrimeCounting.Progressions (2.6s)
✔ [4204/7061] Built RellichKondrachov.Analysis.FunctionalSpaces.Sobolev.Euclidean.L2Compactness.FrechetKolmogorov (2.8s)
✔ [4205/7061] Built OAI.NumberTheory.DirichletL.RayOrthogonality (2.8s)
✔ [4206/7061] Built OAI.NumberTheory.DirichletL.ChineseRemainder.AdditiveCharacters (4.0s)
✔ [4207/7061] Built OAI.NumberTheory.DirichletL.ParametersHighDataFine (3.1s)
✔ [4208/7061] Built OAI.NumberTheory.DirichletL.Hecke.CharacterAnalytic (2.0s)
✔ [4209/7061] Built OAI.NumberTheory.DirichletL.GaussSum.FiniteFourier (4.8s)
✔ [4210/7061] Built OAI.NumberTheory.DirichletL.PrimeCounting.PrimeMass (2.7s)
✔ [4211/7061] Built OAI.NumberTheory.DirichletL.RayQuotient (2.6s)
✔ [4212/7061] Built RellichKondrachov.Analysis.FunctionalSpaces.Sobolev.Euclidean.Rellich (5.7s)
✔ [4213/7061] Built OAI.NumberTheory.DirichletL.Arithmetic.EisensteinEmbedding (3.8s)
✔ [4214/7061] Built OAI.NumberTheory.DirichletL.Fourier.PositiveLogProfiles (4.7s)
✔ [4215/7061] Built OAI.NumberTheory.DirichletL.Cusp.MatrixPhases (5.6s)
✔ [4216/7061] Built OAI.NumberTheory.DirichletL.GaussSum.CubicNormalization (3.6s)
✔ [4217/7061] Built OAI.NumberTheory.DirichletL.GaussSum.SexticNormalization (3.4s)
✔ [4218/7061] Built OAI.NumberTheory.DirichletL.GaussSum.LocalProductAssembly (3.3s)
✔ [4219/7061] Built OAI.NumberTheory.DirichletL.GaussSum.RamifiedTracePhase (2.0s)
✔ [4220/7061] Built OAI.NumberTheory.DirichletL.Arithmetic.LatticeCount (3.7s)
✔ [4221/7061] Built OAI.NumberTheory.DirichletL.GaussSum.QuadraticTrace (2.0s)
✔ [4222/7061] Built OAI.NumberTheory.DirichletL.GaussSum.QuadraticNormalization (6.6s)
✔ [4223/7061] Built OAI.NumberTheory.DirichletL.Poisson.BinaryGaussian (6.5s)
✔ [4224/7061] Built OAI.NumberTheory.DirichletL.GaussSum.GaussianDualLimit (4.9s)
✔ [4225/7061] Built OAI.NumberTheory.DirichletL.GaussSum.GaussianFiberMass (5.3s)
✔ [4226/7061] Built OAI.NumberTheory.DirichletL.Poisson.GaussianMoments (3.1s)
✔ [4227/7061] Built OAI.NumberTheory.DirichletL.Poisson.OscillatoryGaussian (2.0s)
✔ [4228/7061] Built OAI.NumberTheory.DirichletL.PrimeRows.RationalApproximation (3.0s)
✔ [4229/7061] Built OAI.NumberTheory.DirichletL.GaussSum.AbelPhaseLimit (4.9s)
✔ [4230/7061] Built OAI.NumberTheory.DirichletL.GaussSum.ThetaLocalRows (5.7s)
✔ [4231/7061] Built OAI.NumberTheory.DirichletL.Mellin.LocalNonvanishing (2.9s)
✔ [4232/7061] Built OAI.NumberTheory.DirichletL.Arithmetic.NormFiberMellin (3.1s)
✔ [4233/7061] Built OAI.NumberTheory.DirichletL.Hecke.NormFiberCharacters (3.1s)
✔ [4234/7061] Built OAI.NumberTheory.DirichletL.Hecke.LocalEulerIdentities (3.1s)
✔ [4235/7061] Built OAI.NumberTheory.DirichletL.Hecke.PrimeExtraction (2.9s)
✔ [4236/7061] Built OAI.NumberTheory.DirichletL.Mellin.FiniteEulerRestoration (3.2s)
✔ [4237/7061] Built OAI.NumberTheory.DirichletL.PrimeRows.NormFiberExtraction (3.3s)
✔ [4238/7061] Built OAI.NumberTheory.DirichletL.Hecke.FiniteEulerFactors (4.1s)
✔ [4239/7061] Built OAI.NumberTheory.DirichletL.GaussSum.SecondPoissonScale (5.9s)
✔ [4240/7061] Built OAI.NumberTheory.DirichletL.Mellin.CompactScale (4.1s)
✔ [4241/7061] Built OAI.NumberTheory.DirichletL.Poisson.EisensteinLattice (4.2s)
✔ [4242/7061] Built OAI.NumberTheory.DirichletL.Mellin.CompactWeights (3.4s)
✔ [4243/7061] Built OAI.NumberTheory.DirichletL.GaussSum.SexticRadialPoisson (3.0s)
✔ [4244/7061] Built OAI.NumberTheory.DirichletL.PrimeRows.IdealGenerators (3.3s)
✔ [4245/7061] Built OAI.NumberTheory.DirichletL.Poisson.RadialFourier (4.3s)
✔ [4246/7061] Built OAI.NumberTheory.DirichletL.PrimeRows.ActiveGaussFactorization (3.7s)
✔ [4247/7061] Built OAI.NumberTheory.DirichletL.GaussSum.ActiveConductor (3.5s)
✔ [4248/7061] Built OAI.NumberTheory.DirichletL.GaussSum.CubicTrace (5.1s)
✔ [4249/7061] Built OAI.NumberTheory.DirichletL.GaussSum.SquarePhaseFactorization (3.4s)
✔ [4250/7061] Built OAI.NumberTheory.DirichletL.GaussSum.MixedConversion (4.1s)
✔ [4251/7061] Built OAI.NumberTheory.DirichletL.QuadraticSieve.CrossSeparation (3.0s)
✔ [4252/7061] Built OAI.NumberTheory.DirichletL.Arithmetic.IdealMobius (3.3s)
✔ [4253/7061] Built OAI.NumberTheory.DirichletL.Reciprocity.CubicJacobi (3.9s)
✔ [4254/7061] Built OAI.NumberTheory.DirichletL.GaussSum.CompletedExpansion (6.2s)
✔ [4255/7061] Built OAI.NumberTheory.DirichletL.GaussSum.RayCharacters (3.5s)
✔ [4256/7061] Built OAI.NumberTheory.DirichletL.QuadraticSieve.CoefficientCancellation (3.7s)
✔ [4257/7061] Built OAI.NumberTheory.DirichletL.QuadraticSieve.InitialBound (5.3s)
✔ [4258/7061] Built OAI.NumberTheory.DirichletL.Mellin.ReflectedKernel (3.2s)
✔ [4259/7061] Built OAI.NumberTheory.DirichletL.Arithmetic.SquarefreeDivisors (3.3s)
✔ [4260/7061] Built OAI.NumberTheory.DirichletL.QuadraticSieve.FiniteOperator (4.6s)
✔ [4261/7061] Built OAI.NumberTheory.DirichletL.CubicSieve.CubeLabels (5.4s)
✔ [4262/7061] Built OAI.NumberTheory.DirichletL.QuadraticSieve.MainTermDifference (3.9s)
✔ [4263/7061] Built OAI.NumberTheory.DirichletL.Mellin.InverseContour (3.9s)
✔ [4264/7061] Built OAI.NumberTheory.DirichletL.Mellin.UniformKernelBounds (3.7s)
✔ [4265/7061] Built OAI.NumberTheory.DirichletL.CubicSieve.CrossFactorization (3.7s)
✔ [4266/7061] Built OAI.NumberTheory.DirichletL.QuadraticSieve.CoprimeBilinearBound (4.6s)
✔ [4267/7061] Built OAI.NumberTheory.DirichletL.CubicSieve.LocalBrackets (4.7s)
✔ [4268/7061] Built OAI.NumberTheory.DirichletL.CubicSieve.RayExpansion (3.7s)
✔ [4269/7061] Built OAI.NumberTheory.DirichletL.GaussSum.ReflectionBrackets (7.6s)
✔ [4270/7061] Built OAI.NumberTheory.DirichletL.QuadraticSieve.IdealQuotients (3.8s)
✔ [4271/7061] Built OAI.NumberTheory.DirichletL.Reciprocity.RamifiedSymbol (7.0s)
✔ [4272/7061] Built OAI.NumberTheory.DirichletL.CubicSieve.KernelEnergy (3.8s)
✔ [4273/7061] Built OAI.NumberTheory.DirichletL.QuadraticSieve.DivisorBlocks (4.0s)
✔ [4274/7061] Built OAI.NumberTheory.DirichletL.Poisson.QuadraticProfiles (4.1s)
✔ [4275/7061] Built OAI.NumberTheory.DirichletL.CubicSieve.FirstPassage (3.7s)
✔ [4276/7061] Built OAI.NumberTheory.DirichletL.CubicSieve.RayCoefficients (3.5s)
✔ [4277/7061] Built OAI.NumberTheory.DirichletL.CubicSieve.SecondPoisson (3.6s)
✔ [4278/7061] Built OAI.NumberTheory.DirichletL.Eisenstein.Rows (8.4s)
✔ [4279/7061] Built OAI.NumberTheory.DirichletL.Eisenstein.HyperbolicSpace (4.4s)
✔ [4280/7061] Built OAI.NumberTheory.DirichletL.Eisenstein.PrimitiveRows (4.6s)
✔ [4281/7061] Built OAI.NumberTheory.DirichletL.Poisson.PrincipalTruncation (5.6s)
✔ [4282/7061] Built OAI.NumberTheory.DirichletL.Fourier.FrequencyTwists (3.6s)
✔ [4283/7061] Built OAI.NumberTheory.DirichletL.CubicSieve.ChildTransfer (3.8s)
✔ [4284/7061] Built OAI.NumberTheory.DirichletL.CubicSieve.IntegratedTransfer (4.0s)
✔ [4285/7061] Built OAI.NumberTheory.DirichletL.Fourier.TupleWeights (3.7s)
✔ [4286/7061] Built OAI.NumberTheory.DirichletL.CubicSieve.RowMajorants (4.4s)
✔ [4287/7061] Built OAI.NumberTheory.DirichletL.Eisenstein.FourierCoefficients (3.5s)
✔ [4288/7061] Built OAI.NumberTheory.DirichletL.QuadraticSieve.GcdReduction (5.4s)
✔ [4289/7061] Built OAI.NumberTheory.DirichletL.QuadraticSieve.PrimePools (5.2s)
✔ [4290/7061] Built OAI.NumberTheory.DirichletL.QuadraticSieve.AnnularRecursion (7.6s)
✔ [4291/7061] Built OAI.NumberTheory.DirichletL.CubicSieve.FrequencyBlocks (4.2s)
✔ [4292/7061] Built OAI.NumberTheory.DirichletL.CubicSieve.FixedProfiles (3.5s)
✔ [4293/7061] Built OAI.NumberTheory.DirichletL.Eisenstein.ConstantTermSupport (3.0s)
✔ [4294/7061] Built OAI.NumberTheory.DirichletL.QuadraticSieve.SquareParts (3.6s)
✔ [4295/7061] Built OAI.NumberTheory.DirichletL.CubicSieve.ResidualSectors (8.0s)
✔ [4296/7061] Built OAI.NumberTheory.DirichletL.QuadraticSieve.UnrestrictedCharacters (9.7s)
✔ [4297/7061] Built OAI.NumberTheory.DirichletL.CubicSieve.ConjugateProfiles (3.9s)
✔ [4298/7061] Built OAI.NumberTheory.DirichletL.Eisenstein.RamifiedNormWeights (7.5s)
✔ [4299/7061] Built OAI.NumberTheory.DirichletL.QuadraticSieve.PrincipalTruncation (3.3s)
✔ [4300/7061] Built OAI.NumberTheory.DirichletL.CubicSieve.FrequencyCutoffs (3.4s)
✔ [4301/7061] Built OAI.NumberTheory.DirichletL.Eisenstein.ConstantDirichletSeries (3.4s)
✔ [4302/7061] Built OAI.NumberTheory.DirichletL.QuadraticSieve.DyadicColumns (3.9s)
✔ [4303/7061] Built OAI.NumberTheory.DirichletL.QuadraticSieve.TruncatedSecondTransfer (4.0s)
✔ [4304/7061] Built OAI.NumberTheory.DirichletL.Fourier.LogDensity (3.5s)
✔ [4305/7061] Built OAI.NumberTheory.DirichletL.CubicSieve.TwistedProfiles (3.0s)
✔ [4306/7061] Built OAI.NumberTheory.DirichletL.CubicSieve.FirstCoreCutoff (4.1s)
✔ [4307/7061] Built OAI.NumberTheory.DirichletL.QuadraticSieve.PrincipalDifference (4.3s)
✔ [4308/7061] Built OAI.NumberTheory.DirichletL.QuadraticSieve.SpatialDerivatives (6.3s)
✔ [4309/7061] Built OAI.NumberTheory.DirichletL.Eisenstein.SmoothSummands (3.8s)
✔ [4310/7061] Built OAI.NumberTheory.DirichletL.Poisson.LatticeEnvelopes (4.4s)
✔ [4311/7061] Built OAI.NumberTheory.DirichletL.CubicSieve.SupportNorms (4.1s)
✔ [4312/7061] Built OAI.NumberTheory.DirichletL.QuadraticSieve.MiddleWindows (3.8s)
✔ [4313/7061] Built OAI.NumberTheory.DirichletL.QuadraticSieve.GreenIntegrals (4.9s)
✔ [4314/7061] Built OAI.NumberTheory.DirichletL.Eisenstein.GreenIdentity (4.7s)
✔ [4315/7061] Built OAI.NumberTheory.DirichletL.CubicSieve.LogarithmicTargets (3.8s)
✔ [4316/7061] Built OAI.NumberTheory.DirichletL.Eisenstein.SmoothCuspCutoffs (3.7s)
✔ [4317/7061] Built OAI.NumberTheory.DirichletL.Eisenstein.CuspIntegration (3.8s)
✔ [4318/7061] Built OAI.NumberTheory.DirichletL.QuadraticSieve.MaskedPrincipalBounds (3.8s)
✔ [4319/7061] Built OAI.NumberTheory.DirichletL.QuadraticSieve.DualMiddleExpansion (4.7s)
✔ [4320/7061] Built OAI.NumberTheory.DirichletL.Eisenstein.SeedDefects (4.3s)
✔ [4321/7061] Built OAI.NumberTheory.DirichletL.QuadraticSieve.LogarithmicSectors (4.6s)
✔ [4322/7061] Built OAI.NumberTheory.DirichletL.CubicSieve.GlobalEncoding (3.8s)
✔ [4323/7061] Built OAI.NumberTheory.DirichletL.CubicSieve.SquarefreeTransfer (4.6s)
✔ [4324/7061] Built OAI.NumberTheory.DirichletL.CubicSieve.PrincipalNormalization (3.9s)
✔ [4325/7061] Built OAI.NumberTheory.DirichletL.QuadraticSieve.PrincipalMajorants (4.3s)
✔ [4326/7061] Built OAI.NumberTheory.DirichletL.QuadraticSieve.RetainedDualBounds (10s)
✔ [4327/7061] Built OAI.NumberTheory.DirichletL.CubicSieve.PrincipalDensity (4.1s)
✔ [4328/7061] Built OAI.NumberTheory.DirichletL.QuadraticSieve.HighKernelGeometry (7.4s)
✔ [4329/7061] Built OAI.NumberTheory.DirichletL.QuadraticSieve.CuspCoercivity (4.1s)
✔ [4330/7061] Built OAI.NumberTheory.DirichletL.QuadraticSieve.CommonMasks (3.4s)
✔ [4331/7061] Built OAI.NumberTheory.DirichletL.Eisenstein.QuotientTopology (5.3s)
✔ [4332/7061] Built OAI.NumberTheory.DirichletL.CubicSieve.ScaleCaps (5.7s)
✔ [4333/7061] Built OAI.NumberTheory.DirichletL.QuadraticSieve.PoissonComparison (8.8s)
✔ [4334/7061] Built OAI.NumberTheory.DirichletL.CubicSieve.ArithmeticBins (4.2s)
✔ [4335/7061] Built OAI.NumberTheory.DirichletL.Eisenstein.HyperbolicVolume (4.1s)
✔ [4336/7061] Built OAI.NumberTheory.DirichletL.CubicSieve.UniformTransfer (4.3s)
✔ [4337/7061] Built OAI.NumberTheory.DirichletL.QuadraticSieve.GlobalBinLoss (7.7s)
✔ [4338/7061] Built OAI.NumberTheory.DirichletL.QuadraticSieve.PoissonConstants (5.1s)
✔ [4339/7061] Built OAI.NumberTheory.DirichletL.Eisenstein.FundamentalDomain (8.5s)
✔ [4340/7061] Built OAI.NumberTheory.DirichletL.GaussSum.GlobalScales (5.2s)
✔ [4341/7061] Built OAI.NumberTheory.DirichletL.QuadraticSieve.AnnularLifting (7.3s)
✔ [4342/7061] Built OAI.NumberTheory.DirichletL.QuadraticSieve.SelectedExponents (9.5s)
✔ [4343/7061] Built OAI.NumberTheory.DirichletL.Eisenstein.CompactProfiles (4.0s)
✔ [4344/7061] Built OAI.NumberTheory.DirichletL.QuadraticSieve.LogarithmicLoss (5.2s)
✔ [4345/7061] Built OAI.NumberTheory.DirichletL.CubicSieve.LiteralSources (4.3s)
✔ [4346/7061] Built OAI.NumberTheory.DirichletL.CubicSieve.PooledRows (3.7s)
✔ [4347/7061] Built OAI.NumberTheory.DirichletL.MeanSquare.TransformedColumns (5.6s)
✔ [4348/7061] Built OAI.NumberTheory.DirichletL.QuadraticSieve.ProductColumns (5.7s)
✔ [4349/7061] Built OAI.NumberTheory.DirichletL.QuadraticSieve.UniformTailBounds (4.9s)
✔ [4350/7061] Built OAI.NumberTheory.DirichletL.CubicSieve.CubeBlocks (4.0s)
✔ [4351/7061] Built OAI.NumberTheory.DirichletL.GaussSum.PowerfulParts (3.9s)
✔ [4352/7061] Built OAI.NumberTheory.DirichletL.MeanSquare.SourceTransfer (5.5s)
✔ [4353/7061] Built OAI.NumberTheory.DirichletL.MeanSquare.LogarithmicBins (3.7s)
✔ [4354/7061] Built OAI.NumberTheory.DirichletL.CubicSieve.RowCaps (3.5s)
✔ [4355/7061] Built OAI.NumberTheory.DirichletL.Eisenstein.SmoothTests (3.7s)
✔ [4356/7061] Built OAI.NumberTheory.DirichletL.CubicSieve.DivisorTargets (5.1s)
✔ [4357/7061] Built OAI.NumberTheory.DirichletL.CubicSieve.NormalizedMass (4.1s)
✔ [4358/7061] Built OAI.NumberTheory.DirichletL.GaussSum.ReflectedBranches (3.5s)
✔ [4359/7061] Built OAI.NumberTheory.DirichletL.Eisenstein.CuspHeight (3.4s)
✔ [4360/7061] Built OAI.NumberTheory.DirichletL.Eisenstein.DirichletForm (4.3s)
✔ [4361/7061] Built OAI.NumberTheory.DirichletL.MeanSquare.InputEnergy (4.0s)
✔ [4362/7061] Built OAI.NumberTheory.DirichletL.MeanSquare.OutsideIdeals (2.5s)
✔ [4363/7061] Built OAI.NumberTheory.DirichletL.CubicSieve.QuantitativePassage (3.0s)
✔ [4364/7061] Built OAI.NumberTheory.DirichletL.MeanSquare.PoissonSource (4.3s)
✔ [4365/7061] Built OAI.NumberTheory.DirichletL.CubicSieve.RadialWindows (4.4s)
✔ [4366/7061] Built OAI.NumberTheory.DirichletL.CubicSieve.DyadicKernel (5.8s)
✔ [4367/7061] Built OAI.NumberTheory.DirichletL.MeanSquare.ReflectedDyadicSeries (4.2s)
✔ [4368/7061] Built OAI.NumberTheory.DirichletL.GaussSum.BranchScaling (4.8s)
✔ [4369/7061] Built OAI.NumberTheory.DirichletL.MeanSquare.HarmonicAggregation (4.4s)
✔ [4370/7061] Built OAI.NumberTheory.DirichletL.Eisenstein.LocalCutoffs (4.5s)
✔ [4371/7061] Built OAI.NumberTheory.DirichletL.GaussSum.CompletedDyadicRows (5.2s)
✔ [4372/7061] Built OAI.NumberTheory.DirichletL.CubicSieve.PaddedPassage (5.9s)
✔ [4373/7061] Built OAI.NumberTheory.DirichletL.MeanSquare.DiagonalDensity (5.2s)
✔ [4374/7061] Built OAI.NumberTheory.DirichletL.Eisenstein.VariationalLaplacian (5.4s)
✔ [4375/7061] Built OAI.NumberTheory.DirichletL.MeanSquare.HighRadialBounds (3.9s)
✔ [4376/7061] Built OAI.NumberTheory.DirichletL.MeanSquare.SourceRemainders (3.8s)
✔ [4377/7061] Built OAI.NumberTheory.DirichletL.CubicSieve.DualZeroMode (5.5s)
✔ [4378/7061] Built OAI.NumberTheory.DirichletL.MeanSquare.CanonicalDensity (3.7s)
✔ [4379/7061] Built OAI.NumberTheory.DirichletL.MeanSquare.RetainedDensity (4.0s)
✔ [4380/7061] Built OAI.NumberTheory.DirichletL.MeanSquare.CanonicalTailBounds (4.5s)
✔ [4381/7061] Built OAI.NumberTheory.DirichletL.CubicSieve.ReopenedFibers (6.4s)
✔ [4382/7061] Built OAI.NumberTheory.DirichletL.CubicSieve.ReopeningSeparation (3.8s)
✔ [4383/7061] Built OAI.NumberTheory.DirichletL.Eisenstein.CompactEnergyFamilies (5.9s)
✔ [4384/7061] Built OAI.NumberTheory.DirichletL.RowCompletion.SupportBounds (3.8s)
✔ [4385/7061] Built OAI.NumberTheory.DirichletL.CubicSieve.RadialProfiles (6.1s)
✔ [4386/7061] Built OAI.NumberTheory.DirichletL.CubicSieve.LogSeparation (6.3s)
✔ [4387/7061] Built OAI.NumberTheory.DirichletL.CubicSieve.CanonicalLogEnergy (3.9s)
✔ [4388/7061] Built OAI.NumberTheory.DirichletL.RowCompletion.PolynomialHeight (5.1s)
✔ [4389/7061] Built OAI.NumberTheory.DirichletL.Eisenstein.CoordinateLaplacian (3.4s)
✔ [4390/7061] Built OAI.NumberTheory.DirichletL.MeanSquare.PolynomialHeight (5.3s)
✔ [4391/7061] Built OAI.NumberTheory.DirichletL.CubicSieve.DensityBudgets (4.1s)
✔ [4392/7061] Built OAI.NumberTheory.DirichletL.CubicSieve.RankMargins (4.8s)
✔ [4393/7061] Built OAI.NumberTheory.DirichletL.MeanSquare.UniformPolynomialHeight (4.0s)
✔ [4394/7061] Built OAI.NumberTheory.DirichletL.MeanSquare.UnitRows (3.8s)
✔ [4395/7061] Built OAI.NumberTheory.DirichletL.Eisenstein.BarrierPotential (4.1s)
✔ [4396/7061] Built OAI.NumberTheory.DirichletL.CubicSieve.CutoffOrders (4.0s)
✔ [4397/7061] Built OAI.NumberTheory.DirichletL.CubicSieve.ReopeningBounds (4.1s)
✔ [4398/7061] Built OAI.NumberTheory.DirichletL.CubicSieve.ClosedRecursion (5.5s)
✔ [4399/7061] Built OAI.NumberTheory.DirichletL.Eisenstein.FredholmAlternative (5.5s)
✔ [4400/7061] Built OAI.NumberTheory.DirichletL.Eisenstein.UnitNormalization (5.3s)
✔ [4401/7061] Built OAI.NumberTheory.DirichletL.RowCompletion.CompletedEnergy (4.2s)
✔ [4402/7061] Built OAI.NumberTheory.DirichletL.RowCompletion.CubicReopening (4.9s)
✔ [4403/7061] Built OAI.NumberTheory.DirichletL.Eisenstein.MeromorphicResolvent (11s)
✔ [4404/7061] Built OAI.NumberTheory.DirichletL.Eisenstein.SeedHeight (3.7s)
✔ [4405/7061] Built OAI.NumberTheory.DirichletL.RowCompletion.DensityTransfer (6.6s)
✔ [4406/7061] Built OAI.NumberTheory.DirichletL.Eisenstein.CuspResidues (4.2s)
✔ [4407/7061] Built OAI.NumberTheory.DirichletL.RowCompletion.InitialDensity (5.3s)
✔ [4408/7061] Built OAI.NumberTheory.DirichletL.MeanSquare.ThetaDensity (3.7s)
✔ [4409/7061] Built OAI.NumberTheory.DirichletL.Mellin.SixthPowerAverage (4.4s)
✔ [4410/7061] Built OAI.NumberTheory.DirichletL.Hecke.MobiusEulerCorrection (5.2s)
✔ [4411/7061] Built OAI.NumberTheory.DirichletL.RowCompletion.ThetaNonvanishing (5.2s)
✔ [4412/7061] Built OAI.NumberTheory.DirichletL.Eisenstein.CutoffApproximation (4.3s)
✔ [4413/7061] Built OAI.NumberTheory.DirichletL.Eisenstein.ConjugateLevelAction (14s)
✔ [4414/7061] Built OAI.NumberTheory.DirichletL.Eisenstein.ScatteringCoefficients (4.4s)
✔ [4415/7061] Built OAI.NumberTheory.DirichletL.Eisenstein.WhittakerContinuation (4.3s)
✔ [4416/7061] Built OAI.NumberTheory.DirichletL.Reciprocity.KubotaCharacter (3.7s)
✔ [4417/7061] Built OAI.NumberTheory.DirichletL.Eisenstein.GaussFactorization (7.1s)
✔ [4418/7061] Built OAI.NumberTheory.DirichletL.Eisenstein.ResidualFourierBounds (5.6s)
✔ [4419/7061] Built OAI.NumberTheory.DirichletL.Eisenstein.RamifiedGaussSeries (8.6s)
✔ [4420/7061] Built OAI.NumberTheory.DirichletL.Eisenstein.ResidualFourierSeries (4.6s)
✔ [4421/7061] Built OAI.NumberTheory.DirichletL.Eisenstein.SourceProjection (4.9s)
✔ [4422/7061] Built OAI.NumberTheory.DirichletL.Eisenstein.SourceQuotient (4.4s)
✔ [4423/7061] Built OAI.NumberTheory.DirichletL.Eisenstein.ScatteringResidues (8.3s)
✔ [4424/7061] Built OAI.NumberTheory.DirichletL.Eisenstein.OppositeCusp (8.0s)
✔ [4425/7061] Built OAI.NumberTheory.DirichletL.Eisenstein.ResidualFourierExpansion (3.7s)
✔ [4426/7061] Built OAI.NumberTheory.DirichletL.Eisenstein.RationalTranslations (4.7s)
✔ [4427/7061] Built OAI.NumberTheory.DirichletL.Eisenstein.ArbitraryCuspPullback (6.7s)
✔ [4428/7061] Built OAI.NumberTheory.DirichletL.Eisenstein.CuspAverage (4.3s)
✔ [4429/7061] Built OAI.NumberTheory.DirichletL.Eisenstein.CuspDilation (5.4s)
✔ [4430/7061] Built OAI.NumberTheory.DirichletL.Eisenstein.BesselMellinTransform (4.5s)
✔ [4431/7061] Built OAI.NumberTheory.DirichletL.Eisenstein.TranslatedFourierResidues (4.4s)
✔ [4432/7061] Built OAI.NumberTheory.DirichletL.Mellin.VerticalContourShift (3.9s)
✔ [4433/7061] Built OAI.NumberTheory.DirichletL.Eisenstein.ResidualCuspDecay (8.2s)
✔ [4434/7061] Built OAI.NumberTheory.DirichletL.Eisenstein.PrimePowerGaussSums (8.5s)
✔ [4435/7061] Built OAI.NumberTheory.DirichletL.Eisenstein.SourceBesselExpansion (4.6s)
✔ [4436/7061] Built OAI.NumberTheory.DirichletL.Eisenstein.BesselDerivatives (6.1s)
✔ [4437/7061] Built OAI.NumberTheory.DirichletL.Eisenstein.InverseCuspCoordinates (4.4s)
✔ [4438/7061] Built OAI.NumberTheory.DirichletL.Eisenstein.ReflectedCuspMellin (4.4s)
✔ [4439/7061] Built OAI.NumberTheory.DirichletL.Reciprocity.CubeCorrespondence (5.2s)
✔ [4440/7061] Built OAI.NumberTheory.DirichletL.Eisenstein.ConjugateCuspProfiles (4.6s)
✔ [4441/7061] Built OAI.NumberTheory.DirichletL.Cusp.ResiduesModThree (8.9s)
✔ [4442/7061] Built OAI.NumberTheory.DirichletL.Reciprocity.PrimaryCongruences (5.5s)
✔ [4443/7061] Built OAI.NumberTheory.DirichletL.Eisenstein.CubeResidueStrata (6.2s)
✔ [4444/7061] Built OAI.NumberTheory.DirichletL.Reciprocity.RamifiedCuspPhases (5.9s)
✔ [4445/7061] Built OAI.NumberTheory.DirichletL.Eisenstein.AffineCuspFourier (6.1s)
✔ [4446/7061] Built OAI.NumberTheory.DirichletL.Eisenstein.IntegralCover (5.3s)
✔ [4447/7061] Built OAI.NumberTheory.DirichletL.Eisenstein.CoverTrace (5.1s)
✔ [4448/7061] Built OAI.NumberTheory.DirichletL.Eisenstein.CubeCuspAverage (5.9s)
✔ [4449/7061] Built OAI.NumberTheory.DirichletL.Eisenstein.InverseCorrespondence (4.9s)
✔ [4450/7061] Built OAI.NumberTheory.DirichletL.Eisenstein.CorrespondenceTests (6.0s)
✔ [4451/7061] Built OAI.NumberTheory.DirichletL.Eisenstein.CorrespondencePullback (5.1s)
✔ [4452/7061] Built OAI.NumberTheory.DirichletL.Eisenstein.RamifiedSixBranches (5.6s)
✔ [4453/7061] Built OAI.NumberTheory.DirichletL.Eisenstein.CorrespondenceAdjoint (5.2s)
✔ [4454/7061] Built OAI.NumberTheory.DirichletL.Eisenstein.CorrespondenceEnergy (5.3s)
✔ [4455/7061] Built OAI.NumberTheory.DirichletL.Eisenstein.CubeEigenrelation (5.0s)
✔ [4456/7061] Built OAI.NumberTheory.DirichletL.Eisenstein.ResidualOrthogonality (6.1s)
✔ [4457/7061] Built OAI.NumberTheory.DirichletL.Eisenstein.PrimeRecurrence (4.9s)
✔ [4458/7061] Built OAI.NumberTheory.DirichletL.Eisenstein.PrimeGaussFactors (4.7s)
✔ [4459/7061] Built OAI.NumberTheory.DirichletL.Eisenstein.SquarefreeCoefficients (4.6s)
✔ [4460/7061] Built OAI.NumberTheory.DirichletL.Eisenstein.SourceMellinInversion (4.6s)
✔ [4461/7061] Built OAI.NumberTheory.DirichletL.GaussSum.BesselReflection (4.3s)
✔ [4462/7061] Built OAI.NumberTheory.DirichletL.GaussSum.DualKernelSummability (5.5s)
✔ [4463/7061] Built OAI.NumberTheory.DirichletL.GaussSum.MellinSupport (4.7s)
✔ [4464/7061] Built OAI.NumberTheory.DirichletL.GaussSum.FiniteTranslations (4.8s)
✔ [4465/7061] Built OAI.NumberTheory.DirichletL.Eisenstein.RamifiedTransform (6.0s)
✔ [4466/7061] Built OAI.NumberTheory.DirichletL.Eisenstein.EntireMellinProfile (5.4s)
✔ [4467/7061] Built OAI.NumberTheory.DirichletL.Eisenstein.RamifiedValuation (5.5s)
✔ [4468/7061] Built OAI.NumberTheory.DirichletL.Eisenstein.SourceCuspKernels (3.0s)
✔ [4469/7061] Built OAI.NumberTheory.DirichletL.Eisenstein.FullFrequencyExpansion (4.7s)
✔ [4470/7061] Built OAI.NumberTheory.DirichletL.Eisenstein.FixedCuspArrays (5.5s)
✔ [4471/7061] Built OAI.NumberTheory.DirichletL.Cusp.WeylRepresentatives (5.7s)
✔ [4472/7061] Built OAI.NumberTheory.DirichletL.ChineseRemainder.PrimaryCompletions (4.6s)
✔ [4473/7061] Built OAI.NumberTheory.DirichletL.Cusp.ResiduePhases (5.8s)
✔ [4474/7061] Built OAI.NumberTheory.DirichletL.ChineseRemainder.FrequencyLifts (5.3s)
✔ [4475/7061] Built OAI.NumberTheory.DirichletL.RowCompletion.PeriodicRows (4.3s)
✔ [4476/7061] Built OAI.NumberTheory.DirichletL.GaussSum.ReflectionPool (7.9s)
✔ [4477/7061] Built OAI.NumberTheory.DirichletL.Eisenstein.FixedConductor (5.0s)
✔ [4478/7061] Built OAI.NumberTheory.DirichletL.RowCompletion.FixedCuspBranches (5.0s)
✔ [4479/7061] Built OAI.NumberTheory.DirichletL.Cusp.StaticReflectionPhases (5.6s)
✔ [4480/7061] Built OAI.NumberTheory.DirichletL.Eisenstein.FixedFrequencyExpansion (5.1s)
✔ [4481/7061] Built OAI.NumberTheory.DirichletL.Eisenstein.FixedThetaTwists (5.9s)
✔ [4482/7061] Built OAI.NumberTheory.DirichletL.GaussSum.FixedRayFibers (4.5s)
✔ [4483/7061] Built OAI.NumberTheory.DirichletL.Eisenstein.ReflectionFibers (4.1s)
✔ [4484/7061] Built OAI.NumberTheory.DirichletL.RowCompletion.ControlledPrimeStrata (4.9s)
✔ [4485/7061] Built OAI.NumberTheory.DirichletL.RowCompletion.FreePrimePools (16s)
✔ [4486/7061] Built OAI.NumberTheory.DirichletL.GaussSum.ResidualEquivalence (8.6s)
✔ [4487/7061] Built OAI.NumberTheory.DirichletL.RowCompletion.RowAmplitudes (5.3s)
✔ [4488/7061] Built OAI.NumberTheory.DirichletL.GaussSum.ActiveReindexing (36s)
✔ [4489/7061] Built OAI.NumberTheory.DirichletL.RowCompletion.ReflectedFibers (7.6s)
✔ [4490/7061] Built OAI.NumberTheory.DirichletL.RowCompletion.BranchDecoding (5.6s)
✔ [4491/7061] Built OAI.NumberTheory.DirichletL.RowCompletion.ZeroFreeRegion (2.7s)
✔ [4492/7061] Built OAI.NumberTheory.DirichletL.Foundation (1.9s)
✔ [4493/7061] Built OAI.NumberTheory.DirichletL.Hecke.DetectorProfiles (5.2s)
✔ [4494/7061] Built OAI.NumberTheory.DirichletL.Descent.PoissonTails (5.2s)
✔ [4495/7061] Built OAI.NumberTheory.DirichletL.Detector.Phase (5.3s)
✔ [4496/7061] Built OAI.NumberTheory.DirichletL.Moments.Mask (5.5s)
✔ [4497/7061] Built OAI.NumberTheory.DirichletL.Descent.IdealMasks (5.5s)
✔ [4498/7061] Built OAI.NumberTheory.DirichletL.TraceCharacter (5.5s)
✔ [4499/7061] Built OAI.NumberTheory.DirichletL.Inversion.InitialFibers (5.6s)
✔ [4500/7061] Built OAI.NumberTheory.DirichletL.Hecke.IdealBridge (5.9s)
✔ [4501/7061] Built OAI.NumberTheory.DirichletL.Descent.DescentProfiles (5.9s)
✔ [4502/7061] Built OAI.NumberTheory.DirichletL.Inversion.CanonicalReferenceThreshold (5.0s)
✔ [4503/7061] Built OAI.NumberTheory.DirichletL.Descent.Poisson (6.1s)
✔ [4504/7061] Built OAI.NumberTheory.DirichletL.Detector.GramIdealSummation (6.1s)
✔ [4505/7061] Built OAI.NumberTheory.DirichletL.CubicSieve.Ideal (6.2s)
✔ [4506/7061] Built OAI.NumberTheory.DirichletL.CompactProfileFamily (6.2s)
✔ [4507/7061] Built OAI.NumberTheory.DirichletL.Moments.Lattice (6.3s)
✔ [4508/7061] Built OAI.NumberTheory.DirichletL.Moments.Canonical (6.4s)
✔ [4509/7061] Built OAI.NumberTheory.DirichletL.Descent.Widths (6.3s)
✔ [4510/7061] Built OAI.NumberTheory.DirichletL.Detector.PrimePower (6.5s)
✔ [4511/7061] Built OAI.NumberTheory.DirichletL.IdealEuler (6.5s)
✔ [4512/7061] Built OAI.NumberTheory.DirichletL.CenteredExceptionalCount (6.8s)
✔ [4513/7061] Built OAI.NumberTheory.DirichletL.Inversion.InitialOverlap (6.9s)
✔ [4514/7061] Built OAI.NumberTheory.DirichletL.CubicSieve.Poisson (6.9s)
✔ [4515/7061] Built OAI.NumberTheory.DirichletL.ParametersProbeWindows (8.1s)
✔ [4516/7061] Built OAI.NumberTheory.DirichletL.Inversion.KernelSourceUniform (8.2s)
✔ [4517/7061] Built OAI.NumberTheory.DirichletL.Detector.RadialMellin (8.8s)
✔ [4518/7061] Built OAI.NumberTheory.DirichletL.Detector.GramLatticeDecay (9.8s)
✔ [4519/7061] Built OAI.NumberTheory.DirichletL.Detector.PhaseCancellation (4.7s)
✔ [4520/7061] Built OAI.NumberTheory.DirichletL.Descent.MarkBounds (5.0s)
✔ [4521/7061] Built OAI.NumberTheory.DirichletL.Hecke.IdealOperations (4.8s)
✔ [4522/7061] Built OAI.NumberTheory.DirichletL.TraceConductor (5.2s)
✔ [4523/7061] Built OAI.NumberTheory.DirichletL.Hecke.DetectorProfilesBounds (5.5s)
✔ [4524/7061] Built OAI.NumberTheory.DirichletL.Descent.DescentHeight (5.0s)
✔ [4525/7061] Built OAI.NumberTheory.DirichletL.Hecke.Euler (4.7s)
✔ [4526/7061] Built OAI.NumberTheory.DirichletL.Detector.Completed (6.1s)
✔ [4527/7061] Built OAI.NumberTheory.DirichletL.Descent.ActualProfiles (5.5s)
✔ [4528/7061] Built OAI.NumberTheory.DirichletL.Hecke.LocalRamification (5.1s)
✔ [4529/7061] Built OAI.NumberTheory.DirichletL.Inversion.InitialOverlapFourier (5.7s)
✔ [4530/7061] Built OAI.NumberTheory.DirichletL.Moments.Primary (5.5s)
✔ [4531/7061] Built OAI.NumberTheory.DirichletL.Detector.GaussValuation (5.3s)
✔ [4532/7061] Built OAI.NumberTheory.DirichletL.Descent.Decomposition (6.5s)
✔ [4533/7061] Built OAI.NumberTheory.DirichletL.UnitSexticWitness (5.7s)
✔ [4534/7061] Built OAI.NumberTheory.DirichletL.Detector.GramLocalExtension (5.8s)
✔ [4535/7061] Built OAI.NumberTheory.DirichletL.Descent.ChildCutoff (7.2s)
✔ [4536/7061] Built OAI.NumberTheory.DirichletL.PrimeLogProfile (6.5s)
✔ [4537/7061] Built OAI.NumberTheory.DirichletL.Descent.Quadratic (7.2s)
✔ [4538/7061] Built OAI.NumberTheory.DirichletL.Detector.LowGramExceptional (5.9s)
✔ [4539/7061] Built OAI.NumberTheory.DirichletL.Inversion.SecondFibers (7.2s)
✔ [4540/7061] Built OAI.NumberTheory.DirichletL.Inversion.InitialExcludedSource (5.8s)
✔ [4541/7061] Built OAI.NumberTheory.DirichletL.Moments.CommonSupport (6.4s)
✔ [4542/7061] Built OAI.NumberTheory.DirichletL.Descent.Hybrid (6.9s)
✔ [4543/7061] Built OAI.NumberTheory.DirichletL.IdealMangoldt (6.7s)
✔ [4544/7061] Built OAI.NumberTheory.DirichletL.Inversion.TerminalWidths (7.3s)
✔ [4545/7061] Built OAI.NumberTheory.DirichletL.Hecke.Boundary (7.5s)
✔ [4546/7061] Built OAI.NumberTheory.DirichletL.CubicSieve.Initial (6.5s)
✔ [4547/7061] Built OAI.NumberTheory.DirichletL.Inversion.InitialPoissonBridge (7.1s)
✔ [4548/7061] Built OAI.NumberTheory.DirichletL.Detector.GramAnnularLattice (5.9s)
✔ [4549/7061] Built OAI.NumberTheory.DirichletL.Descent.MarkedTails (5.2s)
✔ [4550/7061] Built OAI.NumberTheory.DirichletL.Detector.Sextic (4.5s)
✔ [4551/7061] Built OAI.NumberTheory.DirichletL.Hecke.ZeroSupremum (4.9s)
✔ [4552/7061] Built OAI.NumberTheory.DirichletL.Hecke.DetectorProfilesUniform (5.5s)
✔ [4553/7061] Built OAI.NumberTheory.DirichletL.Hecke.Conjugation (5.1s)
✔ [4554/7061] Built OAI.NumberTheory.DirichletL.Hecke.Dirichlet (5.5s)
✔ [4555/7061] Built OAI.NumberTheory.DirichletL.Hecke.DetectorWitnessArithmetic (5.6s)
✔ [4556/7061] Built OAI.NumberTheory.DirichletL.Detector.Row (5.2s)
✔ [4557/7061] Built OAI.NumberTheory.DirichletL.Hecke.RowClosure (6.2s)
✔ [4558/7061] Built OAI.NumberTheory.DirichletL.Descent.WindowFourier (5.4s)
✔ [4559/7061] Built OAI.NumberTheory.DirichletL.Descent.Completion (11s)
✔ [4560/7061] Built OAI.NumberTheory.DirichletL.Moments.MaskedVolume (5.5s)
✔ [4561/7061] Built OAI.NumberTheory.DirichletL.Moments.SupportedCorrelation (5.1s)
✔ [4562/7061] Built OAI.NumberTheory.DirichletL.Descent.Reconstruction (4.9s)
✔ [4563/7061] Built OAI.NumberTheory.DirichletL.PrimeCounting.IdealPrimeMass (4.8s)
✔ [4564/7061] Built OAI.NumberTheory.DirichletL.Detector.GramFrequencySummation (5.4s)
✔ [4565/7061] Built OAI.NumberTheory.DirichletL.Inversion.PrincipalEnergy (7.9s)
✔ [4566/7061] Built OAI.NumberTheory.DirichletL.Descent.HybridReduction (5.5s)
✔ [4567/7061] Built OAI.NumberTheory.DirichletL.GaussianTheta (8.2s)
✔ [4568/7061] Built OAI.NumberTheory.DirichletL.Hecke.BoundaryIntegration (4.8s)
✔ [4569/7061] Built OAI.NumberTheory.DirichletL.IdealLogDerivative (6.1s)
✔ [4570/7061] Built OAI.NumberTheory.DirichletL.CubicSieve.Norm (5.4s)
✔ [4571/7061] Built OAI.NumberTheory.DirichletL.Detector.LowReflectedExponent (6.7s)
✔ [4572/7061] Built OAI.NumberTheory.DirichletL.Inversion.ClippingProfiles (9.1s)
✔ [4573/7061] Built OAI.NumberTheory.DirichletL.Hecke.Reciprocal (5.3s)
✔ [4574/7061] Built OAI.NumberTheory.DirichletL.Hecke.EulerLog (7.5s)
✔ [4575/7061] Built OAI.NumberTheory.DirichletL.Detector.CongruenceScalar (5.8s)
✔ [4576/7061] Built OAI.NumberTheory.DirichletL.Detector.EulerCoordinates (5.3s)
✔ [4577/7061] Built OAI.NumberTheory.DirichletL.Hecke.DetectorFourier (6.1s)
✔ [4578/7061] Built OAI.NumberTheory.DirichletL.Detector.PrimePhase (6.4s)
✔ [4579/7061] Built OAI.NumberTheory.DirichletL.Descent.RootWindows (5.9s)
✔ [4580/7061] Built OAI.NumberTheory.DirichletL.Hecke.ExceptionalRows (6.0s)
✔ [4581/7061] Built OAI.NumberTheory.DirichletL.Detector.GramJointConstruction (7.3s)
✔ [4582/7061] Built OAI.NumberTheory.DirichletL.Descent.SecondTailCost (7.5s)
✔ [4583/7061] Built OAI.NumberTheory.DirichletL.Detector.Physical (6.3s)
✔ [4584/7061] Built OAI.NumberTheory.DirichletL.Moments.MobiusRegroup (5.2s)
✔ [4585/7061] Built OAI.NumberTheory.DirichletL.Detector.RowAnalytic (6.4s)
✔ [4586/7061] Built OAI.NumberTheory.DirichletL.Hecke.DetectorPartition (6.4s)
✔ [4587/7061] Built OAI.NumberTheory.DirichletL.Descent.MarkedFourier (6.0s)
✔ [4588/7061] Built OAI.NumberTheory.DirichletL.Descent.Canonical (6.5s)
✔ [4589/7061] Built OAI.NumberTheory.DirichletL.Descent.ReopenedSource (6.5s)
✔ [4590/7061] Built OAI.NumberTheory.DirichletL.Detector.GramCommonActual (5.7s)
✔ [4591/7061] Built OAI.NumberTheory.DirichletL.Hecke.DetectorTail (7.4s)
✔ [4592/7061] Built OAI.NumberTheory.DirichletL.Moments.FixedRay (6.5s)
✔ [4593/7061] Built OAI.NumberTheory.DirichletL.Descent.Dyadic (5.9s)
✔ [4594/7061] Built OAI.NumberTheory.DirichletL.Moments.Cancellation (6.9s)
✔ [4595/7061] Built OAI.NumberTheory.DirichletL.Moments.Support (6.5s)
✔ [4596/7061] Built OAI.NumberTheory.DirichletL.Descent.FirstWholeTail (9.6s)
✔ [4597/7061] Built OAI.NumberTheory.DirichletL.Hecke.Primitive (6.2s)
✔ [4598/7061] Built OAI.NumberTheory.DirichletL.Descent.PrincipalChild (6.5s)
✔ [4599/7061] Built OAI.NumberTheory.DirichletL.ThetaRegularity (6.5s)
✔ [4600/7061] Built OAI.NumberTheory.DirichletL.CubicSieve.Extraction (5.2s)
✔ [4601/7061] Built OAI.NumberTheory.DirichletL.Hecke.ReciprocalBound (5.0s)
✔ [4602/7061] Built OAI.NumberTheory.DirichletL.Hecke.DetectorZeros (6.7s)
✔ [4603/7061] Built OAI.NumberTheory.DirichletL.PrimeCounting.AnnularPrimeMass (8.4s)
✔ [4604/7061] Built OAI.NumberTheory.DirichletL.Hecke.Origin (5.4s)
✔ [4605/7061] Built OAI.NumberTheory.DirichletL.Hecke.FiniteDeletion (5.5s)
✔ [4606/7061] Built OAI.NumberTheory.DirichletL.PrimeCounting.RayAsymptotic (7.7s)
✔ [4607/7061] Built OAI.NumberTheory.DirichletL.Hecke.DetectorFourierSeparation (5.4s)
✔ [4608/7061] Built OAI.NumberTheory.DirichletL.Detector.LiftedFourier (5.9s)
✔ [4609/7061] Built OAI.NumberTheory.DirichletL.Detector.Windows (5.1s)
✔ [4610/7061] Built OAI.NumberTheory.DirichletL.Detector.LowReflectedLength (6.9s)
✔ [4611/7061] Built OAI.NumberTheory.DirichletL.Detector.PhasePowers (5.7s)
✔ [4612/7061] Built OAI.NumberTheory.DirichletL.Detector.PrimeConstants (5.8s)
✔ [4613/7061] Built OAI.NumberTheory.DirichletL.Detector.MellinScaling (5.9s)
✔ [4614/7061] Built OAI.NumberTheory.DirichletL.Descent.FullProfile (5.0s)
✔ [4615/7061] Built OAI.NumberTheory.DirichletL.Detector.PhysicalAnalytic (5.2s)
✔ [4616/7061] Built OAI.NumberTheory.DirichletL.Detector.LowRow (6.2s)
✔ [4617/7061] Built OAI.NumberTheory.DirichletL.Hecke.RowNonprincipal (6.8s)
✔ [4618/7061] Built OAI.NumberTheory.DirichletL.Descent.SecondWholeTail (6.6s)
✔ [4619/7061] Built OAI.NumberTheory.DirichletL.Detector.Calibration (6.8s)
✔ [4620/7061] Built OAI.NumberTheory.DirichletL.Detector.RowInterchange (5.9s)
✔ [4621/7061] Built OAI.NumberTheory.DirichletL.Descent.MarkedTwists (5.7s)
✔ [4622/7061] Built OAI.NumberTheory.DirichletL.Descent.MarkedStratum (5.9s)
✔ [4623/7061] Built OAI.NumberTheory.DirichletL.Descent.ReopenedMarks (5.2s)
✔ [4624/7061] Built OAI.NumberTheory.DirichletL.Descent.GeneratorTransport (6.0s)
✔ [4625/7061] Built OAI.NumberTheory.DirichletL.Detector.GramCommonPhase (5.5s)
✔ [4626/7061] Built OAI.NumberTheory.DirichletL.Descent.CompletionSplit (14s)
✔ [4627/7061] Built OAI.NumberTheory.DirichletL.Descent.ReopenedBlocks (6.2s)
✔ [4628/7061] Built OAI.NumberTheory.DirichletL.Descent.Grid (5.3s)
✔ [4629/7061] Built OAI.NumberTheory.DirichletL.Hecke.DetectorFinite (5.9s)
✔ [4630/7061] Built OAI.NumberTheory.DirichletL.Moments.PrimaryCharacter (5.8s)
✔ [4631/7061] Built OAI.NumberTheory.DirichletL.Moments.Counting (5.6s)
✔ [4632/7061] Built OAI.NumberTheory.DirichletL.Reflection.PowerfulBudget (6.1s)
✔ [4633/7061] Built OAI.NumberTheory.DirichletL.Detector.GramJointProfile (10s)
✔ [4634/7061] Built OAI.NumberTheory.DirichletL.Moments.Fourier (6.2s)
✔ [4635/7061] Built OAI.NumberTheory.DirichletL.Hecke.LogDerivative (4.0s)
✔ [4636/7061] Built OAI.NumberTheory.DirichletL.Hecke.DetectorFamilyInclusion (5.0s)
✔ [4637/7061] Built OAI.NumberTheory.DirichletL.Hecke.Dyadic (5.6s)
✔ [4638/7061] Built OAI.NumberTheory.DirichletL.Hecke.ModulusRefinement (5.3s)
✔ [4639/7061] Built OAI.NumberTheory.DirichletL.Hecke.PrimitiveSupremum (5.1s)
✔ [4640/7061] Built OAI.NumberTheory.DirichletL.Detector.EulerRegion (11s)
✔ [4641/7061] Built OAI.NumberTheory.DirichletL.Hecke.Signal (6.4s)
✔ [4642/7061] Built OAI.NumberTheory.DirichletL.Hecke.DeletionBounds (5.7s)
✔ [4643/7061] Built OAI.NumberTheory.DirichletL.Hecke.Strip (7.1s)
✔ [4644/7061] Built OAI.NumberTheory.DirichletL.Hecke.UnitRows (6.5s)
✔ [4645/7061] Built OAI.NumberTheory.DirichletL.Detector.ScalarVanishing (5.7s)
✔ [4646/7061] Built OAI.NumberTheory.DirichletL.Hecke.DetectorFourierActual (6.3s)
✔ [4647/7061] Built OAI.NumberTheory.DirichletL.CubicSieve.Elements (7.6s)
✔ [4648/7061] Built OAI.NumberTheory.DirichletL.Descent.ProfileIntegral (5.3s)
✔ [4649/7061] Built OAI.NumberTheory.DirichletL.Detector.PairPhase (5.6s)
✔ [4650/7061] Built OAI.NumberTheory.DirichletL.Detector.PhysicalFourier (6.1s)
✔ [4651/7061] Built OAI.NumberTheory.DirichletL.Descent.FirstProfileIdentity (6.3s)
✔ [4652/7061] Built OAI.NumberTheory.DirichletL.Hecke.DetectorFourierWitness (7.5s)
✔ [4653/7061] Built OAI.NumberTheory.DirichletL.Detector.LowPeriod (6.1s)
✔ [4654/7061] Built OAI.NumberTheory.DirichletL.Detector.CalibrationSupport (5.4s)
✔ [4655/7061] Built OAI.NumberTheory.DirichletL.Detector.GaussianMellin (5.6s)
✔ [4656/7061] Built OAI.NumberTheory.DirichletL.Descent.ReopenedPriority (5.2s)
✔ [4657/7061] Built OAI.NumberTheory.DirichletL.Descent.MarkedReflection (5.5s)
✔ [4658/7061] Built OAI.NumberTheory.DirichletL.Detector.GramPeriodicPoisson (22s)
✔ [4659/7061] Built OAI.NumberTheory.DirichletL.Detector.CalibrationFourier (6.0s)
✔ [4660/7061] Built OAI.NumberTheory.DirichletL.Descent.SecondWholeCutoff (7.1s)
✔ [4661/7061] Built OAI.NumberTheory.DirichletL.Hecke.DetectorBudget (5.3s)
✔ [4662/7061] Built OAI.NumberTheory.DirichletL.Detector.GramGlobalExtension (5.8s)
✔ [4663/7061] Built OAI.NumberTheory.DirichletL.CenteredExceptionalProfile (8.1s)
✔ [4664/7061] Built OAI.NumberTheory.DirichletL.Hecke.RayFamily (5.3s)
✔ [4665/7061] Built OAI.NumberTheory.DirichletL.Inversion.AmbientProfileTower (9.1s)
✔ [4666/7061] Built OAI.NumberTheory.DirichletL.Moments.Poisson (5.8s)
✔ [4667/7061] Built OAI.NumberTheory.DirichletL.Hecke.DetectorRowSpecialization (5.4s)
✔ [4668/7061] Built OAI.NumberTheory.DirichletL.Moments.NaturalPrimitive (5.5s)
✔ [4669/7061] Built OAI.NumberTheory.DirichletL.Moments.Unequal (6.8s)
✔ [4670/7061] Built OAI.NumberTheory.DirichletL.Moments.Twist (7.2s)
✔ [4671/7061] Built OAI.NumberTheory.DirichletL.Detector.EulerHolomorphic (5.6s)
✔ [4672/7061] Built OAI.NumberTheory.DirichletL.Hecke.DeletionReciprocal (5.1s)
✔ [4673/7061] Built OAI.NumberTheory.DirichletL.Hecke.SignalIdentity (5.7s)
✔ [4674/7061] Built OAI.NumberTheory.DirichletL.Moments.ComparisonReflection (6.0s)
✔ [4675/7061] Built OAI.NumberTheory.DirichletL.Hecke.DeletionDerivative (5.8s)
✔ [4676/7061] Built OAI.NumberTheory.DirichletL.Hecke.SignalShift (5.9s)
✔ [4677/7061] Built OAI.NumberTheory.DirichletL.Descent.SecondProfileIdentity (11s)
✔ [4678/7061] Built OAI.NumberTheory.DirichletL.Hecke.StripActual (5.9s)
✔ [4679/7061] Built OAI.NumberTheory.DirichletL.Hecke.DetectorProfilesCutoffs (5.3s)
✔ [4680/7061] Built OAI.NumberTheory.DirichletL.Hecke.DetectorCoefficientBounds (6.1s)
✔ [4681/7061] Built OAI.NumberTheory.DirichletL.Descent.DensityAssembly (5.4s)
✔ [4682/7061] Built OAI.NumberTheory.DirichletL.Detector.ScalarTable (6.3s)
✔ [4683/7061] Built OAI.NumberTheory.DirichletL.Detector.CompletedCRTPhase (5.3s)
✔ [4684/7061] Built OAI.NumberTheory.DirichletL.CubicSieve.FullExtraction (5.7s)
✔ [4685/7061] Built OAI.NumberTheory.DirichletL.Descent.FirstModeColumns (5.2s)
✔ [4686/7061] Built OAI.NumberTheory.DirichletL.Detector.LowPuncture (5.0s)
✔ [4687/7061] Built OAI.NumberTheory.DirichletL.Detector.PhysicalCoefficient (5.8s)
✔ [4688/7061] Built OAI.NumberTheory.DirichletL.Descent.CuspCongruence (5.1s)
✔ [4689/7061] Built OAI.NumberTheory.DirichletL.Detector.LocalWeights (14s)
✔ [4690/7061] Built OAI.NumberTheory.DirichletL.Detector.GramMean (5.0s)
✔ [4691/7061] Built OAI.NumberTheory.DirichletL.Detector.GaussianCompletion (6.1s)
✔ [4692/7061] Built OAI.NumberTheory.DirichletL.Moments.ChildRows (5.7s)
✔ [4693/7061] Built OAI.NumberTheory.DirichletL.Hecke.PrincipalResidue (5.4s)
✔ [4694/7061] Built OAI.NumberTheory.DirichletL.Descent.CompletionSupport (11s)
✔ [4695/7061] Built OAI.NumberTheory.DirichletL.Hecke.RayPrimes (4.8s)
✔ [4696/7061] Built OAI.NumberTheory.DirichletL.Hecke.RayQuotient (5.5s)
✔ [4697/7061] Built OAI.NumberTheory.DirichletL.Hecke.InverseAmplificationRows (4.0s)
✔ [4698/7061] Built OAI.NumberTheory.DirichletL.Detector.GlobalRegion (10s)
✔ [4699/7061] Built OAI.NumberTheory.DirichletL.Hecke.CommonProbe (5.1s)
✔ [4700/7061] Built OAI.NumberTheory.DirichletL.Descent.SecondWholeKernel (4.8s)
✔ [4701/7061] Built OAI.NumberTheory.DirichletL.Moments.FirstPoisson (5.9s)
✔ [4702/7061] Built OAI.NumberTheory.DirichletL.Detector.PrincipalProduct (5.3s)
✔ [4703/7061] Built OAI.NumberTheory.DirichletL.Descent.SecondKernelMeasure (4.7s)
✔ [4704/7061] Built OAI.NumberTheory.DirichletL.Hecke.DyadicMellin (4.6s)
✔ [4705/7061] Built OAI.NumberTheory.DirichletL.Descent.SecondCorrelatedCutoff (7.6s)
✔ [4706/7061] Built OAI.NumberTheory.DirichletL.PrincipalMellinResidues (7.7s)
✔ [4707/7061] Built OAI.NumberTheory.DirichletL.PrincipalSlotEstimate (12s)
✔ [4708/7061] Built OAI.NumberTheory.DirichletL.Hecke.Presentation (5.2s)
✔ [4709/7061] Built OAI.NumberTheory.DirichletL.Descent.FirstModeAssembly (4.9s)
✔ [4710/7061] Built OAI.NumberTheory.DirichletL.Moments.Height (7.5s)
✔ [4711/7061] Built OAI.NumberTheory.DirichletL.Detector.SpectralSeparation (4.7s)
✔ [4712/7061] Built OAI.NumberTheory.DirichletL.Detector.UnramifiedScalar (5.6s)
✔ [4713/7061] Built OAI.NumberTheory.DirichletL.Detector.GramMeanLift (4.4s)
✔ [4714/7061] Built OAI.NumberTheory.DirichletL.CubicSieve.ExtractionBounds (5.6s)
✔ [4715/7061] Built OAI.NumberTheory.DirichletL.Detector.HighRowsWeights (4.5s)
✔ [4716/7061] Built OAI.NumberTheory.DirichletL.Detector.LowCompletion (5.3s)
✔ [4717/7061] Built OAI.NumberTheory.DirichletL.Moments.ReflectionDeletion (7.5s)
✔ [4718/7061] Built OAI.NumberTheory.DirichletL.Descent.ActiveCusp (5.0s)
✔ [4719/7061] Built OAI.NumberTheory.DirichletL.Detector.GaussianPartition (4.5s)
✔ [4720/7061] Built OAI.NumberTheory.DirichletL.Moments.ExceptionalPair (4.5s)
✔ [4721/7061] Built OAI.NumberTheory.DirichletL.Detector.PhysicalPoisson (5.7s)
✔ [4722/7061] Built OAI.NumberTheory.DirichletL.RayPrimeNormalizer (4.4s)
✔ [4723/7061] Built OAI.NumberTheory.DirichletL.Descent.CompletePool (4.8s)
✔ [4724/7061] Built OAI.NumberTheory.DirichletL.Moments.Local (9.6s)
✔ [4725/7061] Built OAI.NumberTheory.DirichletL.Detector.GlobalHolomorphic (4.7s)
✔ [4726/7061] Built OAI.NumberTheory.DirichletL.Descent.SecondFiniteMeasure (4.2s)
✔ [4727/7061] Built OAI.NumberTheory.DirichletL.Moments.Active (4.5s)
✔ [4728/7061] Built OAI.NumberTheory.DirichletL.Descent.SecondFreshMeasure (4.3s)
✔ [4729/7061] Built OAI.NumberTheory.DirichletL.Detector.CalibrationCRT (4.9s)
✔ [4730/7061] Built OAI.NumberTheory.DirichletL.Hecke.PrimeDyadic (4.7s)
✔ [4731/7061] Built OAI.NumberTheory.DirichletL.Hecke.DyadicContour (4.7s)
✔ [4732/7061] Built OAI.NumberTheory.DirichletL.Detector.HighRowsSelectedCancellation (5.4s)
✔ [4733/7061] Built OAI.NumberTheory.DirichletL.Moments.Rectangle (4.6s)
✔ [4734/7061] Built OAI.NumberTheory.DirichletL.Detector.PhysicalReopen (4.4s)
✔ [4735/7061] Built OAI.NumberTheory.DirichletL.Descent.MixedRow (4.5s)
✔ [4736/7061] Built OAI.NumberTheory.DirichletL.CubicSieve.Dyadic (4.9s)
✔ [4737/7061] Built OAI.NumberTheory.DirichletL.Detector.HighRowsScalar (5.1s)
✔ [4738/7061] Built OAI.NumberTheory.DirichletL.Hecke.PrincipalStrip (6.2s)
✔ [4739/7061] Built OAI.NumberTheory.DirichletL.Detector.LocalSeries (5.1s)
✔ [4740/7061] Built OAI.NumberTheory.DirichletL.Moments.ExceptionalReflection (4.5s)
✔ [4741/7061] Built OAI.NumberTheory.DirichletL.Detector.GaussianWindows (4.7s)
✔ [4742/7061] Built OAI.NumberTheory.DirichletL.Moments.ReflectionMass (5.6s)
✔ [4743/7061] Built OAI.NumberTheory.DirichletL.Descent.CompleteMarkedPool (4.5s)
✔ [4744/7061] Built OAI.NumberTheory.DirichletL.Moments.HeterogeneousCRT (4.2s)
✔ [4745/7061] Built OAI.NumberTheory.DirichletL.Moments.HeckeVolume (5.6s)
✔ [4746/7061] Built OAI.NumberTheory.DirichletL.Descent.ActualSecondProfile (4.5s)
✔ [4747/7061] Built OAI.NumberTheory.DirichletL.Moments.NaturalReflection (6.5s)
✔ [4748/7061] Built OAI.NumberTheory.DirichletL.Moments.Primitive (4.5s)
✔ [4749/7061] Built OAI.NumberTheory.DirichletL.Hecke.PrimeDyadicEuler (4.5s)
✔ [4750/7061] Built OAI.NumberTheory.DirichletL.Hecke.PrimePowers (4.6s)
✔ [4751/7061] Built OAI.NumberTheory.DirichletL.Detector.FrequencySupport (4.7s)
✔ [4752/7061] Built OAI.NumberTheory.DirichletL.Hecke.InverseAmplificationColumn (4.9s)
✔ [4753/7061] Built OAI.NumberTheory.DirichletL.Moments.FirstMixed (5.1s)
✔ [4754/7061] Built OAI.NumberTheory.DirichletL.Hecke.DyadicEstimates (5.1s)
✔ [4755/7061] Built OAI.NumberTheory.DirichletL.Detector.SpectralPoisson (4.4s)
✔ [4756/7061] Built OAI.NumberTheory.DirichletL.Inversion.InitialProfile (6.7s)
✔ [4757/7061] Built OAI.NumberTheory.DirichletL.Descent.FirstNominal (19s)
✔ [4758/7061] Built OAI.NumberTheory.DirichletL.Moments.Extraction (4.8s)
✔ [4759/7061] Built OAI.NumberTheory.DirichletL.Descent.ActiveReflection (4.6s)
✔ [4760/7061] Built OAI.NumberTheory.DirichletL.Detector.HighRowsCentralCancellation (5.4s)
✔ [4761/7061] Built OAI.NumberTheory.DirichletL.CubicSieve.Gcd (4.6s)
✔ [4762/7061] Built OAI.NumberTheory.DirichletL.Inversion.InitialOverlapIdealFourier (4.7s)
✔ [4763/7061] Built OAI.NumberTheory.DirichletL.Detector.LocalSummation (5.4s)
✔ [4764/7061] Built OAI.NumberTheory.DirichletL.Detector.GaussianDecomposition (5.3s)
✔ [4765/7061] Built OAI.NumberTheory.DirichletL.Hecke.LogarithmicInput (5.5s)
✔ [4766/7061] Built OAI.NumberTheory.DirichletL.Descent.CompletedReopening (4.9s)
✔ [4767/7061] Built OAI.NumberTheory.DirichletL.Detector.HighRowsRecurrence (6.1s)
✔ [4768/7061] Built OAI.NumberTheory.DirichletL.Descent.ActualSecondMeasure (4.7s)
✔ [4769/7061] Built OAI.NumberTheory.DirichletL.Hecke.MaskDescent (5.2s)
✔ [4770/7061] Built OAI.NumberTheory.DirichletL.Moments.CommonMaskExpansion (5.8s)
✔ [4771/7061] Built OAI.NumberTheory.DirichletL.Hecke.InverseAmplificationMask (4.5s)
✔ [4772/7061] Built OAI.NumberTheory.DirichletL.Hecke.PrimeAnnular (4.0s)
✔ [4773/7061] Built OAI.NumberTheory.DirichletL.Hecke.PrimeDyadicContour (5.1s)
✔ [4774/7061] Built OAI.NumberTheory.DirichletL.Hecke.DyadicJoins (4.6s)
✔ [4775/7061] Built OAI.NumberTheory.DirichletL.Moments.FirstReduced (5.0s)
✔ [4776/7061] Built OAI.NumberTheory.DirichletL.Detector.MellinPoisson (4.4s)
✔ [4777/7061] Built OAI.NumberTheory.DirichletL.Moments.HeckeCancellation (7.0s)
✔ [4778/7061] Built OAI.NumberTheory.DirichletL.Descent.PhysicalExponents (4.4s)
✔ [4779/7061] Built OAI.NumberTheory.DirichletL.Descent.FirstFreshMeasure (4.7s)
✔ [4780/7061] Built OAI.NumberTheory.DirichletL.Descent.ControlledMultiplier (5.1s)
✔ [4781/7061] Built OAI.NumberTheory.DirichletL.Detector.HighRowsDiagonal (4.1s)
✔ [4782/7061] Built OAI.NumberTheory.DirichletL.CubicSieve.Mobius (5.1s)
✔ [4783/7061] Built OAI.NumberTheory.DirichletL.Descent.Quotients (5.2s)
✔ [4784/7061] Built OAI.NumberTheory.DirichletL.CubicSieve.FullNorm (5.2s)
✔ [4785/7061] Built OAI.NumberTheory.DirichletL.Moments.Bridge (8.2s)
✔ [4786/7061] Built OAI.NumberTheory.DirichletL.Detector.GaussianLow (4.4s)
✔ [4787/7061] Built OAI.NumberTheory.DirichletL.CubicSieve.Gauss (5.6s)
✔ [4788/7061] Built OAI.NumberTheory.DirichletL.Hecke.Logarithmic (4.7s)
✔ [4789/7061] Built OAI.NumberTheory.DirichletL.Detector.PrincipalEulerIdentity (4.7s)
✔ [4790/7061] Built OAI.NumberTheory.DirichletL.Detector.HighRowsSeries (4.5s)
✔ [4791/7061] Built OAI.NumberTheory.DirichletL.Descent.ActualSecondUniform (4.5s)
✔ [4792/7061] Built OAI.NumberTheory.DirichletL.Descent.ReopenedIdentification (5.1s)
✔ [4793/7061] Built OAI.NumberTheory.DirichletL.Moments.FixedRowMask (4.4s)
✔ [4794/7061] Built OAI.NumberTheory.DirichletL.Hecke.InverseAmplificationEnergy (5.2s)
✔ [4795/7061] Built OAI.NumberTheory.DirichletL.Detector.Transformed (4.4s)
✔ [4796/7061] Built OAI.NumberTheory.DirichletL.Moments.FirstActiveFourier (4.8s)
✔ [4797/7061] Built OAI.NumberTheory.DirichletL.GammaZeroDetector (7.0s)
✔ [4798/7061] Built OAI.NumberTheory.DirichletL.Detector.CalibrationRemoval (10s)
✔ [4799/7061] Built OAI.NumberTheory.DirichletL.Descent.SecondCutoffScale (4.8s)
✔ [4800/7061] Built OAI.NumberTheory.DirichletL.Descent.FirstRowGeometry (5.3s)
✔ [4801/7061] Built OAI.NumberTheory.DirichletL.Inversion.SecondProfileUniform (9.8s)
✔ [4802/7061] Built OAI.NumberTheory.DirichletL.Detector.MellinBoundary (20s)
✔ [4803/7061] Built OAI.NumberTheory.DirichletL.Moments.ProductCRT (13s)
✔ [4804/7061] Built OAI.NumberTheory.DirichletL.Moments.HeckeTwist (5.7s)
✔ [4805/7061] Built OAI.NumberTheory.DirichletL.Descent.ReflectedDual (4.8s)
✔ [4806/7061] Built OAI.NumberTheory.DirichletL.CubicSieve.DescentEnergy (4.4s)
✔ [4807/7061] Built OAI.NumberTheory.DirichletL.Descent.DivisorExtraction (4.4s)
✔ [4808/7061] Built OAI.NumberTheory.DirichletL.Moments.Initial (4.6s)
✔ [4809/7061] Built OAI.NumberTheory.DirichletL.Detector.ZeroIndex (4.4s)
✔ [4810/7061] Built OAI.NumberTheory.DirichletL.CubicSieve.GaussNorm (4.6s)
✔ [4811/7061] Built OAI.NumberTheory.DirichletL.CubicSieve.ExtractionOptimization (5.1s)
✔ [4812/7061] Built OAI.NumberTheory.DirichletL.Detector.SpectralWeights (4.8s)
✔ [4813/7061] Built OAI.NumberTheory.DirichletL.Descent.OriginalBlock (5.2s)
✔ [4814/7061] Built OAI.NumberTheory.DirichletL.Hecke.LogarithmicActual (4.8s)
✔ [4815/7061] Built OAI.NumberTheory.DirichletL.Moments.NaturalRowSourceMask (4.1s)
✔ [4816/7061] Built OAI.NumberTheory.DirichletL.Moments.FixedRayInducingTransport (4.1s)
✔ [4817/7061] Built OAI.NumberTheory.DirichletL.Detector.GaussianDerivative (5.3s)
✔ [4818/7061] Built OAI.NumberTheory.DirichletL.Descent.ReopenedOriginalRow (4.8s)
✔ [4819/7061] Built OAI.NumberTheory.DirichletL.Detector.HighRowsSummability (5.0s)
✔ [4820/7061] Built OAI.NumberTheory.DirichletL.Hecke.InverseAmplificationFamily (4.0s)
✔ [4821/7061] Built OAI.NumberTheory.DirichletL.Detector.LocalPhysical (4.0s)
✔ [4822/7061] Built OAI.NumberTheory.DirichletL.Detector.CalibrationCancellation (4.0s)
✔ [4823/7061] Built OAI.NumberTheory.DirichletL.GammaDetectorExpansion (5.1s)
✔ [4824/7061] Built OAI.NumberTheory.DirichletL.Descent.FirstCutoffScale (4.1s)
✔ [4825/7061] Built OAI.NumberTheory.DirichletL.Detector.PhysicalCRT (5.4s)
✔ [4826/7061] Built OAI.NumberTheory.DirichletL.Descent.MarkedPhase (4.3s)
✔ [4827/7061] Built OAI.NumberTheory.DirichletL.Descent.DivisorSum (4.2s)
✔ [4828/7061] Built OAI.NumberTheory.DirichletL.Moments.Partition (4.5s)
✔ [4829/7061] Built OAI.NumberTheory.DirichletL.Detector.PhysicalNorms (3.7s)
✔ [4830/7061] Built OAI.NumberTheory.DirichletL.CubicSieve.PairPrimes (4.0s)
✔ [4831/7061] Built OAI.NumberTheory.DirichletL.Moments.Smooth (4.6s)
✔ [4832/7061] Built OAI.NumberTheory.DirichletL.PrincipalMellinGrowth (5.3s)
✔ [4833/7061] Built OAI.NumberTheory.DirichletL.Detector.SourceLocal (4.4s)
✔ [4834/7061] Built OAI.NumberTheory.DirichletL.Descent.FirstProfileUniform (5.8s)
✔ [4835/7061] Built OAI.NumberTheory.DirichletL.Descent.ExtractedGrid (5.3s)
✔ [4836/7061] Built OAI.NumberTheory.DirichletL.Hecke.ReciprocalGrowth (4.5s)
✔ [4837/7061] Built OAI.NumberTheory.DirichletL.Detector.GaussianSeminorm (4.4s)
✔ [4838/7061] Built OAI.NumberTheory.DirichletL.CubicSieve.Growth (4.9s)
✔ [4839/7061] Built OAI.NumberTheory.DirichletL.Detector.HighRowsFamilies (4.3s)
✔ [4840/7061] Built OAI.NumberTheory.DirichletL.Moments.HeckeHeight (5.0s)
✔ [4841/7061] Built OAI.NumberTheory.DirichletL.Descent.FirstPhysicalCutoff (3.8s)
✔ [4842/7061] Built OAI.NumberTheory.DirichletL.Hecke.DetectorLower (4.7s)
✔ [4843/7061] Built OAI.NumberTheory.DirichletL.Reflection.Local (3.0s)
✔ [4844/7061] Built OAI.NumberTheory.DirichletL.Detector.MellinPowers (3.9s)
✔ [4845/7061] Built OAI.NumberTheory.DirichletL.Moments.PartitionNorm (4.2s)
✔ [4846/7061] Built OAI.NumberTheory.DirichletL.Detector.ReciprocityCRT (4.3s)
✔ [4847/7061] Built OAI.NumberTheory.DirichletL.Detector.CubicGaussCRT (4.5s)
✔ [4848/7061] Built OAI.NumberTheory.DirichletL.Hecke.SignalBounds (3.7s)
✔ [4849/7061] Built OAI.NumberTheory.DirichletL.Moments.Cauchy (4.3s)
✔ [4850/7061] Built OAI.NumberTheory.DirichletL.Detector.PhysicalLocalEuler (4.2s)
✔ [4851/7061] Built OAI.NumberTheory.DirichletL.CubicSieve.PairPoisson (4.6s)
✔ [4852/7061] Built OAI.NumberTheory.DirichletL.Detector.HighRowsTail (4.1s)
✔ [4853/7061] Built OAI.NumberTheory.DirichletL.Detector.GaussianSummation (4.4s)
✔ [4854/7061] Built OAI.NumberTheory.DirichletL.Descent.MaskedGrid (4.5s)
✔ [4855/7061] Built OAI.NumberTheory.DirichletL.Moments.HeckeSlots (4.3s)
✔ [4856/7061] Built OAI.NumberTheory.DirichletL.Moments.Scale (5.4s)
✔ [4857/7061] Built OAI.NumberTheory.DirichletL.Moments.RetainedProfile (4.8s)
✔ [4858/7061] Built OAI.NumberTheory.DirichletL.Moments.Tail (5.8s)
✔ [4859/7061] Built OAI.NumberTheory.DirichletL.Hecke.DyadicControl (5.5s)
✔ [4860/7061] Built OAI.NumberTheory.DirichletL.Descent.DyadicBlock (5.6s)
✔ [4861/7061] Built OAI.NumberTheory.DirichletL.Descent.FirstPhysicalTail (3.8s)
✔ [4862/7061] Built OAI.NumberTheory.DirichletL.Reflection.Cofactor (3.5s)
✔ [4863/7061] Built OAI.NumberTheory.DirichletL.CubicSieve.B2Growth (6.3s)
✔ [4864/7061] Built OAI.NumberTheory.DirichletL.Detector.CompletedCoefficient (3.6s)
✔ [4865/7061] Built OAI.NumberTheory.DirichletL.Moments.ExceptionalKernel (3.2s)
✔ [4866/7061] Built OAI.NumberTheory.DirichletL.Moments.Forcing (3.9s)
✔ [4867/7061] Built OAI.NumberTheory.DirichletL.Moments.RowNorm (3.3s)
✔ [4868/7061] Built OAI.NumberTheory.DirichletL.CubicSieve.KernelTransfer (3.7s)
✔ [4869/7061] Built OAI.NumberTheory.DirichletL.Moments.HeckeExpansion (3.9s)
✔ [4870/7061] Built OAI.NumberTheory.DirichletL.Hecke.DyadicBuffered (3.3s)
✔ [4871/7061] Built OAI.NumberTheory.DirichletL.Descent.ReopenedSeparation (12s)
✔ [4872/7061] Built OAI.NumberTheory.DirichletL.Detector.GaussianFlow (4.4s)
✔ [4873/7061] Built OAI.NumberTheory.DirichletL.Descent.FirstMarkedColumns (3.4s)
✔ [4874/7061] Built OAI.NumberTheory.DirichletL.Hecke.PrimeDyadicControl (3.8s)
✔ [4875/7061] Built OAI.NumberTheory.DirichletL.Reflection.Partition (3.2s)
✔ [4876/7061] Built OAI.NumberTheory.DirichletL.Moments.NaturalFixedRaySourceDegree (4.9s)
✔ [4877/7061] Built OAI.NumberTheory.DirichletL.Descent.FixedSquare (4.2s)
✔ [4878/7061] Built OAI.NumberTheory.DirichletL.Moments.PlainEnergy (3.3s)
✔ [4879/7061] Built OAI.NumberTheory.DirichletL.Detector.SourceCoefficient (3.5s)
✔ [4880/7061] Built OAI.NumberTheory.DirichletL.Moments.GaussEnergy (3.8s)
✔ [4881/7061] Built OAI.NumberTheory.DirichletL.Moments.ChildAssembly (3.9s)
✔ [4882/7061] Built OAI.NumberTheory.DirichletL.Moments.SecondLedger (4.3s)
✔ [4883/7061] Built OAI.NumberTheory.DirichletL.CubicSieve.FrequencyShell (3.9s)
✔ [4884/7061] Built OAI.NumberTheory.DirichletL.Moments.ZeroMode (5.2s)
✔ [4885/7061] Built OAI.NumberTheory.DirichletL.Moments.SourceRow (4.0s)
✔ [4886/7061] Built OAI.NumberTheory.DirichletL.Moments.HeckeExceptionalEnergy (4.3s)
✔ [4887/7061] Built OAI.NumberTheory.DirichletL.Descent.ReopenedCommonMeasure (4.1s)
✔ [4888/7061] Built OAI.NumberTheory.DirichletL.Moments.DivisorAllocation (4.5s)
✔ [4889/7061] Built OAI.NumberTheory.DirichletL.Descent.FirstMarkedZero (4.0s)
✔ [4890/7061] Built OAI.NumberTheory.DirichletL.Hecke.DyadicPointwise (4.5s)
✔ [4891/7061] Built OAI.NumberTheory.DirichletL.Detector.GaussianLogWindow (4.4s)
✔ [4892/7061] Built OAI.NumberTheory.DirichletL.Reflection.Split (3.0s)
✔ [4893/7061] Built OAI.NumberTheory.DirichletL.Descent.FirstCanonicalTail (4.5s)
✔ [4894/7061] Built OAI.NumberTheory.DirichletL.Moments.FiniteProfileExceptionalControl (4.4s)
✔ [4895/7061] Built OAI.NumberTheory.DirichletL.Detector.CoefficientDirect (3.8s)
✔ [4896/7061] Built OAI.NumberTheory.DirichletL.Detector.SourceBounds (3.0s)
✔ [4897/7061] Built OAI.NumberTheory.DirichletL.Moments.PlainChildEnergy (4.1s)
✔ [4898/7061] Built OAI.NumberTheory.DirichletL.Detector.SixthFrequency (4.2s)
✔ [4899/7061] Built OAI.NumberTheory.DirichletL.Descent.SourceHybrid (5.1s)
✔ [4900/7061] Built OAI.NumberTheory.DirichletL.Detector.SourcePrime (4.4s)
✔ [4901/7061] Built OAI.NumberTheory.DirichletL.Moments.ChildEnergy (4.2s)
✔ [4902/7061] Built OAI.NumberTheory.DirichletL.Moments.SecondDiagonal (4.3s)
✔ [4903/7061] Built OAI.NumberTheory.DirichletL.CubicSieve.DualCoefficients (3.9s)
✔ [4904/7061] Built OAI.NumberTheory.DirichletL.Moments.DescentLedger (4.5s)
✔ [4905/7061] Built OAI.NumberTheory.DirichletL.Moments.CommonAllowance (4.7s)
✔ [4906/7061] Built OAI.NumberTheory.DirichletL.Descent.ReopenedIntegralEnergy (4.1s)
✔ [4907/7061] Built OAI.NumberTheory.DirichletL.Moments.DivisorExtraction (4.0s)
✔ [4908/7061] Built OAI.NumberTheory.DirichletL.Detector.GaussianCoupled (3.9s)
✔ [4909/7061] Built OAI.NumberTheory.DirichletL.Descent.FirstWholeMarkedColumns (4.1s)
✔ [4910/7061] Built OAI.NumberTheory.DirichletL.Moments.AddedZero (5.2s)
✔ [4911/7061] Built OAI.NumberTheory.DirichletL.Reflection.Sector (4.2s)
✔ [4912/7061] Built OAI.NumberTheory.DirichletL.Hecke.DyadicBounded (4.8s)
✔ [4913/7061] Built OAI.NumberTheory.DirichletL.Hecke.PrimeDyadicEstimates (4.0s)
✔ [4914/7061] Built OAI.NumberTheory.DirichletL.Moments.FiniteProfileExceptionalVolume (4.6s)
✔ [4915/7061] Built OAI.NumberTheory.DirichletL.Detector.SpectralCoefficient (4.4s)
✔ [4916/7061] Built OAI.NumberTheory.DirichletL.Descent.FirstTailAbsorption (5.3s)
✔ [4917/7061] Built OAI.NumberTheory.DirichletL.Moments.Amplification (4.5s)
✔ [4918/7061] Built OAI.NumberTheory.DirichletL.Moments.RestrictedEnergy (4.7s)
✔ [4919/7061] Built OAI.NumberTheory.DirichletL.Detector.HighSeries (4.9s)
✔ [4920/7061] Built OAI.NumberTheory.DirichletL.Detector.SourcePrimeFactor (4.5s)
✔ [4921/7061] Built OAI.NumberTheory.DirichletL.Moments.ReflectedChild (4.5s)
✔ [4922/7061] Built OAI.NumberTheory.DirichletL.CubicSieve.DualShell (4.2s)
✔ [4923/7061] Built OAI.NumberTheory.DirichletL.Moments.SecondDescent (5.4s)
✔ [4924/7061] Built OAI.NumberTheory.DirichletL.Moments.FinalStageLedger (4.1s)
✔ [4925/7061] Built OAI.NumberTheory.DirichletL.Descent.HybridBound (5.3s)
✔ [4926/7061] Built OAI.NumberTheory.DirichletL.CubicSieve.Smoothed (4.8s)
✔ [4927/7061] Built OAI.NumberTheory.DirichletL.Moments.SectorLocalization (5.5s)
✔ [4928/7061] Built OAI.NumberTheory.DirichletL.Moments.DivisorTensor (4.2s)
✔ [4929/7061] Built OAI.NumberTheory.DirichletL.Descent.ReopenedBinEnergy (4.4s)
✔ [4930/7061] Built OAI.NumberTheory.DirichletL.Detector.GaussianSlots (4.3s)
✔ [4931/7061] Built OAI.NumberTheory.DirichletL.Descent.FirstWholeCanonicalTail (4.8s)
✔ [4932/7061] Built OAI.NumberTheory.DirichletL.Detector.LocalUnitFrequency (7.6s)
✔ [4933/7061] Built OAI.NumberTheory.DirichletL.Reflection.Matrices (4.5s)
✔ [4934/7061] Built OAI.NumberTheory.DirichletL.Descent.FirstZeroSource (5.0s)
✔ [4935/7061] Built OAI.NumberTheory.DirichletL.Moments.DivisorEnergy (5.2s)
✔ [4936/7061] Built OAI.NumberTheory.DirichletL.Moments.AddedZeroUniform (5.3s)
✔ [4937/7061] Built OAI.NumberTheory.DirichletL.Hecke.PrimeDyadicBuffered (4.9s)
✔ [4938/7061] Built OAI.NumberTheory.DirichletL.Descent.FirstSourceSize (4.4s)
✔ [4939/7061] Built OAI.NumberTheory.DirichletL.Moments.AmplificationLocal (4.4s)
✔ [4940/7061] Built OAI.NumberTheory.DirichletL.Hecke.DyadicReflection (5.4s)
✔ [4941/7061] Built OAI.NumberTheory.DirichletL.Detector.HighDeletion (4.2s)
✔ [4942/7061] Built OAI.NumberTheory.DirichletL.Moments.FiniteProfileExceptionalUnit (5.1s)
✔ [4943/7061] Built OAI.NumberTheory.DirichletL.Detector.IdealLocalEuler (4.3s)
✔ [4944/7061] Built OAI.NumberTheory.DirichletL.Detector.IdealMultiplicative (4.5s)
✔ [4945/7061] Built OAI.NumberTheory.DirichletL.CubicSieve.FrequencyDyads (4.3s)
✔ [4946/7061] Built OAI.NumberTheory.DirichletL.CubicSieve.ZeroMode (4.6s)
✔ [4947/7061] Built OAI.NumberTheory.DirichletL.Descent.SlotProducts (4.2s)
✔ [4948/7061] Built OAI.NumberTheory.DirichletL.CubicSieve.CompactDescent (4.3s)
✔ [4949/7061] Built OAI.NumberTheory.DirichletL.Moments.SecondScaled (5.2s)
✔ [4950/7061] Built OAI.NumberTheory.DirichletL.Moments.DivisorSlots (4.1s)
✔ [4951/7061] Built OAI.NumberTheory.DirichletL.Descent.ReopenedBins (4.3s)
✔ [4952/7061] Built OAI.NumberTheory.DirichletL.Moments.DyadicCount (4.5s)
✔ [4953/7061] Built OAI.NumberTheory.DirichletL.Moments.ReflectionTails (4.6s)
✔ [4954/7061] Built OAI.NumberTheory.DirichletL.Reflection.Static (3.0s)
✔ [4955/7061] Built OAI.NumberTheory.DirichletL.Moments.ReflectedAnnuli (4.0s)
✔ [4956/7061] Built OAI.NumberTheory.DirichletL.Detector.GaussianCompletedSlots (4.9s)
✔ [4957/7061] Built OAI.NumberTheory.DirichletL.Moments.Rankin (4.2s)
✔ [4958/7061] Built OAI.NumberTheory.DirichletL.Descent.FirstSourceTail (4.1s)
✔ [4959/7061] Built OAI.NumberTheory.DirichletL.Moments.FiniteProfileExceptionalNormalize (4.1s)
✔ [4960/7061] Built OAI.NumberTheory.DirichletL.Detector.IdealUnit (3.9s)
✔ [4961/7061] Built OAI.NumberTheory.DirichletL.Detector.IdealFactorization (4.0s)
✔ [4962/7061] Built OAI.NumberTheory.DirichletL.Detector.HighAbsolute (4.4s)
✔ [4963/7061] Built OAI.NumberTheory.DirichletL.CubicSieve.Majorant (4.2s)
✔ [4964/7061] Built OAI.NumberTheory.DirichletL.Moments.AmplificationGlobal (4.9s)
✔ [4965/7061] Built OAI.NumberTheory.DirichletL.Hecke.DyadicReflectedFamily (5.0s)
✔ [4966/7061] Built OAI.NumberTheory.DirichletL.Descent.CommonMeasure (4.6s)
✔ [4967/7061] Built OAI.NumberTheory.DirichletL.CubicSieve.QuotientColumns (4.4s)
✔ [4968/7061] Built OAI.NumberTheory.DirichletL.Moments.SourceMass (6.3s)
✔ [4969/7061] Built OAI.NumberTheory.DirichletL.Moments.SecondNonexceptional (4.2s)
✔ [4970/7061] Built OAI.NumberTheory.DirichletL.Moments.DivisorBoundary (4.5s)
✔ [4971/7061] Built OAI.NumberTheory.DirichletL.Moments.DivisorRectangle (4.6s)
✔ [4972/7061] Built OAI.NumberTheory.DirichletL.Moments.ReflectionLength (4.2s)
✔ [4973/7061] Built OAI.NumberTheory.DirichletL.Moments.ReflectionNegligible (4.6s)
✔ [4974/7061] Built OAI.NumberTheory.DirichletL.Moments.WholeDivisorShell (4.8s)
✔ [4975/7061] Built OAI.NumberTheory.DirichletL.Reflection.Brackets (4.5s)
✔ [4976/7061] Built OAI.NumberTheory.DirichletL.Descent.ShortCompletionEnergy (5.2s)
✔ [4977/7061] Built OAI.NumberTheory.DirichletL.Moments.RankinCount (4.4s)
✔ [4978/7061] Built OAI.NumberTheory.DirichletL.Moments.ReflectionWeightedEnergy (4.7s)
✔ [4979/7061] Built OAI.NumberTheory.DirichletL.Detector.GaussianTuple (4.6s)
✔ [4980/7061] Built OAI.NumberTheory.DirichletL.Reflection.Frozen (5.0s)
✔ [4981/7061] Built OAI.NumberTheory.DirichletL.Moments.FiniteProfileExceptionalRectangle (4.3s)
✔ [4982/7061] Built OAI.NumberTheory.DirichletL.Detector.HighValuations (4.2s)
✔ [4983/7061] Built OAI.NumberTheory.DirichletL.Detector.RadialExchange (4.3s)
✔ [4984/7061] Built OAI.NumberTheory.DirichletL.Detector.SixthDecomposition (4.3s)
✔ [4985/7061] Built OAI.NumberTheory.DirichletL.CubicSieve.Recurrence (4.3s)
✔ [4986/7061] Built OAI.NumberTheory.DirichletL.Moments.AmplificationCount (4.1s)
✔ [4987/7061] Built OAI.NumberTheory.DirichletL.Moments.SourceProfileMass (3.8s)
✔ [4988/7061] Built OAI.NumberTheory.DirichletL.CubicSieve.ColumnShells (4.1s)
✔ [4989/7061] Built OAI.NumberTheory.DirichletL.Dictionary.InverseAssignedCount (4.3s)
✔ [4990/7061] Built OAI.NumberTheory.DirichletL.Moments.SlotRatios (3.9s)
✔ [4991/7061] Built OAI.NumberTheory.DirichletL.Hecke.DyadicReflectedControl (5.5s)
✔ [4992/7061] Built OAI.NumberTheory.DirichletL.Moments.DivisorRows (4.1s)
✔ [4993/7061] Built OAI.NumberTheory.DirichletL.Moments.ReflectionTailMass (3.0s)
✔ [4994/7061] Built OAI.NumberTheory.DirichletL.Reflection.Branch (3.9s)
✔ [4995/7061] Built OAI.NumberTheory.DirichletL.Moments.RankinRadical (3.8s)
✔ [4996/7061] Built OAI.NumberTheory.DirichletL.Moments.MobiusHarmonicMass (3.0s)
✔ [4997/7061] Built OAI.NumberTheory.DirichletL.Moments.RankinSubset (3.9s)
✔ [4998/7061] Built OAI.NumberTheory.DirichletL.Detector.PhysicalRows (3.9s)
✔ [4999/7061] Built OAI.NumberTheory.DirichletL.Reflection.Cross (3.7s)
✔ [5000/7061] Built OAI.NumberTheory.DirichletL.Detector.GaussianDensityBudget (4.1s)
✔ [5001/7061] Built OAI.NumberTheory.DirichletL.Detector.RadialIdentity (3.6s)
✔ [5002/7061] Built OAI.NumberTheory.DirichletL.Detector.GaussianCrude (5.2s)
✔ [5003/7061] Built OAI.NumberTheory.DirichletL.Moments.PrimePool (3.8s)
✔ [5004/7061] Built OAI.NumberTheory.DirichletL.CubicSieve.CommonFactorBound (3.0s)
✔ [5005/7061] Built OAI.NumberTheory.DirichletL.Moments.SourceProfileMassUniform (4.4s)
✔ [5006/7061] Built OAI.NumberTheory.DirichletL.Moments.DivisorRaw (3.6s)
✔ [5007/7061] Built OAI.NumberTheory.DirichletL.Moments.DivisorFullMask (3.9s)
✔ [5008/7061] Built OAI.NumberTheory.DirichletL.Reflection.IdealBridge (3.7s)
✔ [5009/7061] Built OAI.NumberTheory.DirichletL.Moments.CompleteCommon (3.8s)
✔ [5010/7061] Built OAI.NumberTheory.DirichletL.Detector.LowRay (3.8s)
✔ [5011/7061] Built OAI.NumberTheory.DirichletL.Moments.RankinLabels (3.9s)
✔ [5012/7061] Built OAI.NumberTheory.DirichletL.Detector.GaussianPhysicalTuple (3.7s)
✔ [5013/7061] Built OAI.NumberTheory.DirichletL.Reflection.ThreeBlocks (3.9s)
✔ [5014/7061] Built OAI.NumberTheory.DirichletL.Detector.GaussianTailBudget (3.0s)
✔ [5015/7061] Built OAI.NumberTheory.DirichletL.Hecke.DyadicReflectedPointwise (5.2s)
✔ [5016/7061] Built OAI.NumberTheory.DirichletL.Moments.PlainGlobalBound (5.4s)
✔ [5017/7061] Built OAI.NumberTheory.DirichletL.Detector.RadialSpectral (3.6s)
✔ [5018/7061] Built OAI.NumberTheory.DirichletL.Detector.PhysicalCoefficientScaling (3.7s)
✔ [5019/7061] Built OAI.NumberTheory.DirichletL.CubicSieve.DescendantBounds (3.3s)
✔ [5020/7061] Built OAI.NumberTheory.DirichletL.Moments.PrimeElements (3.7s)
✔ [5021/7061] Built OAI.NumberTheory.DirichletL.Moments.ReflectedSeries (14s)
✔ [5022/7061] Built OAI.NumberTheory.DirichletL.Moments.DivisorRawEnergy (4.0s)
✔ [5023/7061] Built OAI.NumberTheory.DirichletL.Moments.CommonSectors (3.6s)
✔ [5024/7061] Built OAI.NumberTheory.DirichletL.Detector.GaussianCompensation (3.7s)
✔ [5025/7061] Built OAI.NumberTheory.DirichletL.Detector.LowCutoff (3.8s)
✔ [5026/7061] Built OAI.NumberTheory.DirichletL.Moments.CanonicalFirst (3.0s)
✔ [5027/7061] Built OAI.NumberTheory.DirichletL.Moments.DivisorRowEnergy (4.7s)
✔ [5028/7061] Built OAI.NumberTheory.DirichletL.Moments.RankinScale (4.0s)
✔ [5029/7061] Built OAI.NumberTheory.DirichletL.Reflection.Ramified (3.9s)
✔ [5030/7061] Built OAI.NumberTheory.DirichletL.Reflection.FrozenSplit (3.9s)
✔ [5031/7061] Built OAI.NumberTheory.DirichletL.Hecke.DyadicScale (3.8s)
✔ [5032/7061] Built OAI.NumberTheory.DirichletL.Hecke.DyadicTailBudget (3.9s)
✔ [5033/7061] Built OAI.NumberTheory.DirichletL.Detector.GaussianRemoteRows (4.2s)
✔ [5034/7061] Built OAI.NumberTheory.DirichletL.Moments.CommonHarmonicMass (4.7s)
✔ [5035/7061] Built OAI.NumberTheory.DirichletL.Detector.EulerFinsupp (15s)
✔ [5036/7061] Built OAI.NumberTheory.DirichletL.Detector.PhysicalMellinCoefficient (4.2s)
✔ [5037/7061] Built OAI.NumberTheory.DirichletL.Detector.PhysicalRadial (4.2s)
✔ [5038/7061] Built OAI.NumberTheory.DirichletL.Moments.AmplificationEnergy (4.1s)
✔ [5039/7061] Built OAI.NumberTheory.DirichletL.CubicSieve.CostGrowth (4.7s)
✔ [5040/7061] Built OAI.NumberTheory.DirichletL.Moments.DivisorWitness (4.1s)
✔ [5041/7061] Built OAI.NumberTheory.DirichletL.Moments.FirstSectors (3.8s)
✔ [5042/7061] Built OAI.NumberTheory.DirichletL.Moments.CommonAllocation (3.9s)
✔ [5043/7061] Built OAI.NumberTheory.DirichletL.Moments.RetainedEnergy (4.4s)
✔ [5044/7061] Built OAI.NumberTheory.DirichletL.Detector.LowMellin (4.0s)
✔ [5045/7061] Built OAI.NumberTheory.DirichletL.Detector.GaussianSubset (4.1s)
✔ [5046/7061] Built OAI.NumberTheory.DirichletL.Moments.FirstEnergy (3.0s)
✔ [5047/7061] Built OAI.NumberTheory.DirichletL.Moments.FirstScale (4.2s)
✔ [5048/7061] Built OAI.NumberTheory.DirichletL.Reflection.Norms (4.0s)
✔ [5049/7061] Built OAI.NumberTheory.DirichletL.Hecke.PrimeDyadicScale (4.0s)
✔ [5050/7061] Built OAI.NumberTheory.DirichletL.Detector.GaussianPhysicalTail (3.9s)
✔ [5051/7061] Built OAI.NumberTheory.DirichletL.Hecke.DyadicCentralBudget (4.4s)
✔ [5052/7061] Built OAI.NumberTheory.DirichletL.Detector.HighEuler (3.7s)
✔ [5053/7061] Built OAI.NumberTheory.DirichletL.Detector.EulerMarked (3.8s)
✔ [5054/7061] Built OAI.NumberTheory.DirichletL.Detector.SpectralSupport (3.9s)
✔ [5055/7061] Built OAI.NumberTheory.DirichletL.Moments.CommonRadicalHarmonicMass (4.7s)
✔ [5056/7061] Built OAI.NumberTheory.DirichletL.Moments.AmplificationShortening (4.1s)
✔ [5057/7061] Built OAI.NumberTheory.DirichletL.Moments.PlainGlobalActual (5.5s)
✔ [5058/7061] Built OAI.NumberTheory.DirichletL.Moments.FirstNormalization (6.0s)
✔ [5059/7061] Built OAI.NumberTheory.DirichletL.Moments.CommonAllocationBox (3.5s)
✔ [5060/7061] Built OAI.NumberTheory.DirichletL.Moments.DivisorActualBoundary (3.8s)
✔ [5061/7061] Built OAI.NumberTheory.DirichletL.CubicSieve.AnnularImprovement (5.4s)
✔ [5062/7061] Built OAI.NumberTheory.DirichletL.Detector.GaussianCommon (3.5s)
✔ [5063/7061] Built OAI.NumberTheory.DirichletL.Moments.DivisorRetained (3.9s)
✔ [5064/7061] Built OAI.NumberTheory.DirichletL.Moments.FirstSectorEnergy (4.1s)
✔ [5065/7061] Built OAI.NumberTheory.DirichletL.Reflection.Coefficient (3.9s)
✔ [5066/7061] Built OAI.NumberTheory.DirichletL.Moments.FirstDiscarded (3.0s)
✔ [5067/7061] Built OAI.NumberTheory.DirichletL.Moments.FirstExceptionalPrefactor (4.1s)
✔ [5068/7061] Built OAI.NumberTheory.DirichletL.Detector.HighEulerGeneral (3.7s)
✔ [5069/7061] Built OAI.NumberTheory.DirichletL.Detector.HighEulerLocal (3.7s)
✔ [5070/7061] Built OAI.NumberTheory.DirichletL.Detector.LowRowMellin (4.7s)
✔ [5071/7061] Built OAI.NumberTheory.DirichletL.Hecke.DyadicLossBudget (4.1s)
✔ [5072/7061] Built OAI.NumberTheory.DirichletL.Detector.MellinGuarded (3.9s)
✔ [5073/7061] Built OAI.NumberTheory.DirichletL.Detector.SixthMask (3.8s)
✔ [5074/7061] Built OAI.NumberTheory.DirichletL.Moments.AmplificationRectangle (3.7s)
✔ [5075/7061] Built OAI.NumberTheory.DirichletL.Moments.AmplificationAllocation (3.8s)
✔ [5076/7061] Built OAI.NumberTheory.DirichletL.Moments.FirstColumns (3.5s)
✔ [5077/7061] Built OAI.NumberTheory.DirichletL.Moments.ReflectedTruncation (12s)
✔ [5078/7061] Built OAI.NumberTheory.DirichletL.Moments.CommonAllocationSum (3.9s)
✔ [5079/7061] Built OAI.NumberTheory.DirichletL.Moments.ActiveAllocation (3.9s)
✔ [5080/7061] Built OAI.NumberTheory.DirichletL.Detector.LowRayAmplitude (3.2s)
✔ [5081/7061] Built OAI.NumberTheory.DirichletL.Reflection.Independent (3.7s)
✔ [5082/7061] Built OAI.NumberTheory.DirichletL.Moments.FirstDiscardedEnergy (4.0s)
✔ [5083/7061] Built OAI.NumberTheory.DirichletL.Detector.HighRowsMultiplicative (3.7s)
✔ [5084/7061] Built OAI.NumberTheory.DirichletL.Detector.HighEulerRational (3.9s)
✔ [5085/7061] Built OAI.NumberTheory.DirichletL.Detector.LowMellinFubini (3.7s)
✔ [5086/7061] Built OAI.NumberTheory.DirichletL.Detector.InitialMajorant (3.5s)
✔ [5087/7061] Built OAI.NumberTheory.DirichletL.Detector.HighExcludedEuler (4.0s)
✔ [5088/7061] Built OAI.NumberTheory.DirichletL.Moments.AmplificationMask (3.6s)
✔ [5089/7061] Built OAI.NumberTheory.DirichletL.Moments.FirstFamily (3.6s)
✔ [5090/7061] Built OAI.NumberTheory.DirichletL.Moments.FirstAssembly (3.7s)
✔ [5091/7061] Built OAI.NumberTheory.DirichletL.Moments.CommonPrimeSlots (3.6s)
✔ [5092/7061] Built OAI.NumberTheory.DirichletL.Hecke.PrimeDyadicScaled (10s)
✔ [5093/7061] Built OAI.NumberTheory.DirichletL.Moments.ReflectionRetainedLength (3.9s)
✔ [5094/7061] Built OAI.NumberTheory.DirichletL.Reflection.Transport (3.9s)
✔ [5095/7061] Built OAI.NumberTheory.DirichletL.Detector.LowGaussEnergy (3.9s)
✔ [5096/7061] Built OAI.NumberTheory.DirichletL.Moments.ActiveDivisorShell (4.7s)
✔ [5097/7061] Built OAI.NumberTheory.DirichletL.Reflection.Family (4.3s)
✔ [5098/7061] Built OAI.NumberTheory.DirichletL.Detector.HighRowsEuler (4.0s)
✔ [5099/7061] Built OAI.NumberTheory.DirichletL.Moments.SourceInputFirstTailScale (4.2s)
✔ [5100/7061] Built OAI.NumberTheory.DirichletL.Detector.InitialIntegral (3.0s)
✔ [5101/7061] Built OAI.NumberTheory.DirichletL.Detector.InitialScales (3.0s)
✔ [5102/7061] Built OAI.NumberTheory.DirichletL.Detector.HighExcludedLocal (4.0s)
✔ [5103/7061] Built OAI.NumberTheory.DirichletL.Detector.GlobalCorrection (4.2s)
✔ [5104/7061] Built OAI.NumberTheory.DirichletL.Moments.FirstTailAggregate (4.5s)
✔ [5105/7061] Built OAI.NumberTheory.DirichletL.Moments.AmplificationEligibility (4.0s)
✔ [5106/7061] Built OAI.NumberTheory.DirichletL.Moments.FirstCanonicalFamily (4.0s)
✔ [5107/7061] Built OAI.NumberTheory.DirichletL.Moments.RadicalFamily (4.2s)
✔ [5108/7061] Built OAI.NumberTheory.DirichletL.Moments.FirstFrequency (4.2s)
✔ [5109/7061] Built OAI.NumberTheory.DirichletL.Moments.CommonProfile (3.8s)
✔ [5110/7061] Built OAI.NumberTheory.DirichletL.Detector.MarkedValuations (6.4s)
✔ [5111/7061] Built OAI.NumberTheory.DirichletL.Reflection.Functions (3.7s)
✔ [5112/7061] Built OAI.NumberTheory.DirichletL.Detector.LowColumnBounds (4.2s)
✔ [5113/7061] Built OAI.NumberTheory.DirichletL.Detector.OuterMellin (3.7s)
✔ [5114/7061] Built OAI.NumberTheory.DirichletL.Detector.InitialFubini (3.9s)
✔ [5115/7061] Built OAI.NumberTheory.DirichletL.Detector.HighRowsExcluded (3.9s)
✔ [5116/7061] Built OAI.NumberTheory.DirichletL.Detector.FixedEuler (3.9s)
✔ [5117/7061] Built OAI.NumberTheory.DirichletL.PrimeRows.ProfileIntegral (4.1s)
✔ [5118/7061] Built OAI.NumberTheory.DirichletL.Moments.UniformDivisorShell (4.5s)
✔ [5119/7061] Built OAI.NumberTheory.DirichletL.CubicSieve.FullImprovement (13s)
✔ [5120/7061] Built OAI.NumberTheory.DirichletL.Moments.SourceInputFirstSectorTailPair (4.3s)
✔ [5121/7061] Built OAI.NumberTheory.DirichletL.Moments.AmplificationSlotGap (4.0s)
✔ [5122/7061] Built OAI.NumberTheory.DirichletL.Moments.FirstLocalization (4.2s)
✔ [5123/7061] Built OAI.NumberTheory.DirichletL.Moments.FirstIdealFamily (3.0s)
✔ [5124/7061] Built OAI.NumberTheory.DirichletL.Moments.FirstSectorTransform (4.0s)
✔ [5125/7061] Built OAI.NumberTheory.DirichletL.Moments.AbsoluteEnergy (4.6s)
✔ [5126/7061] Built OAI.NumberTheory.DirichletL.Moments.RemainingBox (3.7s)
✔ [5127/7061] Built OAI.NumberTheory.DirichletL.Moments.SourceCommonMask (3.7s)
✔ [5128/7061] Built OAI.NumberTheory.DirichletL.Moments.FirstWholeKernel (4.6s)
✔ [5129/7061] Built OAI.NumberTheory.DirichletL.Moments.CommonPuncture (4.1s)
✔ [5130/7061] Built OAI.NumberTheory.DirichletL.Hecke.PrimeDyadicSource (7.9s)
✔ [5131/7061] Built OAI.NumberTheory.DirichletL.Hecke.DyadicScaled (13s)
✔ [5132/7061] Built OAI.NumberTheory.DirichletL.Detector.MarkedEuler (3.9s)
✔ [5133/7061] Built OAI.NumberTheory.DirichletL.Reflection.SectorIndependence (4.0s)
✔ [5134/7061] Built OAI.NumberTheory.DirichletL.Detector.NestedMellin (3.9s)
✔ [5135/7061] Built OAI.NumberTheory.DirichletL.Detector.ContourShear (3.7s)
✔ [5136/7061] Built OAI.NumberTheory.DirichletL.Detector.InitialSubseries (3.9s)
✔ [5137/7061] Built OAI.NumberTheory.DirichletL.Detector.HighRowsLocal (3.9s)
✔ [5138/7061] Built OAI.NumberTheory.DirichletL.CubicSieve.ExponentImprovement (4.1s)
✔ [5139/7061] Built OAI.NumberTheory.DirichletL.Detector.HighLFactorization (4.3s)
✔ [5140/7061] Built OAI.NumberTheory.DirichletL.Moments.FirstSectorLocalization (4.0s)
✔ [5141/7061] Built OAI.NumberTheory.DirichletL.Moments.EligibleEnergy (4.6s)
✔ [5142/7061] Built OAI.NumberTheory.DirichletL.Moments.HeckeColumnWindow (4.1s)
✔ [5143/7061] Built OAI.NumberTheory.DirichletL.Moments.TerminalEnergy (3.0s)
✔ [5144/7061] Built OAI.NumberTheory.DirichletL.Moments.PositiveSummability (4.0s)
✔ [5145/7061] Built OAI.NumberTheory.DirichletL.Moments.ExceptionalAllocationShell (4.8s)
✔ [5146/7061] Built OAI.NumberTheory.DirichletL.Moments.ZeroMeanBridge (5.1s)
✔ [5147/7061] Built OAI.NumberTheory.DirichletL.Moments.SourceLiveAllocation (3.0s)
✔ [5148/7061] Built OAI.NumberTheory.DirichletL.Moments.FirstWholeAssembly (4.3s)
✔ [5149/7061] Built OAI.NumberTheory.DirichletL.Detector.MarkedLocal (3.0s)
✔ [5150/7061] Built OAI.NumberTheory.DirichletL.Detector.LowSeparated (14s)
✔ [5151/7061] Built OAI.NumberTheory.DirichletL.Reflection.Common (4.0s)
✔ [5152/7061] Built OAI.NumberTheory.DirichletL.Detector.InitialProduct (3.9s)
✔ [5153/7061] Built OAI.NumberTheory.DirichletL.Detector.RawMellinTerm (3.8s)
✔ [5154/7061] Built OAI.NumberTheory.DirichletL.PrimeRows.MarkedEuler (4.1s)
✔ [5155/7061] Built OAI.NumberTheory.DirichletL.Detector.SourceExclusions (4.1s)
✔ [5156/7061] Built OAI.NumberTheory.DirichletL.Moments.ConjugateWindow (3.6s)
✔ [5157/7061] Built OAI.NumberTheory.DirichletL.Detector.HighRowsPrime (4.5s)
✔ [5158/7061] Built OAI.NumberTheory.DirichletL.Moments.FirstChildProfile (3.0s)
✔ [5159/7061] Built OAI.NumberTheory.DirichletL.Moments.SourceInputFirstSectorTailAggregate (4.3s)
✔ [5160/7061] Built OAI.NumberTheory.DirichletL.CubicSieve.Sharp (4.0s)
✔ [5161/7061] Built OAI.NumberTheory.DirichletL.Moments.FirstCommonTransport (4.7s)
✔ [5162/7061] Built OAI.NumberTheory.DirichletL.Moments.UncenteredTerminal (4.4s)
✔ [5163/7061] Built OAI.NumberTheory.DirichletL.Moments.PairedEligibleEnergy (4.7s)
✔ [5164/7061] Built OAI.NumberTheory.DirichletL.Moments.InductionEnergy (4.5s)
✔ [5165/7061] Built OAI.NumberTheory.DirichletL.Moments.HeckeWindowEnergy (4.6s)
✔ [5166/7061] Built OAI.NumberTheory.DirichletL.Hecke.PrimeBin (7.4s)
✔ [5167/7061] Built OAI.NumberTheory.DirichletL.Moments.FirstChildBound (4.4s)
✔ [5168/7061] Built OAI.NumberTheory.DirichletL.Detector.LowCompensation (3.0s)
✔ [5169/7061] Built OAI.NumberTheory.DirichletL.Detector.LowCauchy (3.0s)
✔ [5170/7061] Built OAI.NumberTheory.DirichletL.Detector.MarkedRational (4.3s)
✔ [5171/7061] Built OAI.NumberTheory.DirichletL.Moments.SupportedZeroEnergy (5.1s)
✔ [5172/7061] Built OAI.NumberTheory.DirichletL.Reflection.Canonical (4.1s)
✔ [5173/7061] Built OAI.NumberTheory.DirichletL.Detector.RawPhysicalIntegral (4.2s)
✔ [5174/7061] Built OAI.NumberTheory.DirichletL.PrimeRows.MarkedLocal (3.9s)
✔ [5175/7061] Built OAI.NumberTheory.DirichletL.Detector.RawRadialJoin (4.5s)
✔ [5176/7061] Built OAI.NumberTheory.DirichletL.Hecke.DyadicScaledReflection (9.0s)
✔ [5177/7061] Built OAI.NumberTheory.DirichletL.PrimeRows.Valuation (3.9s)
✔ [5178/7061] Built OAI.NumberTheory.DirichletL.Detector.HighRowsZero (3.9s)
✔ [5179/7061] Built OAI.NumberTheory.DirichletL.Moments.SecondChildProfile (3.8s)
✔ [5180/7061] Built OAI.NumberTheory.DirichletL.Detector.MarkedProduct (4.4s)
✔ [5181/7061] Built OAI.NumberTheory.DirichletL.Moments.SourceLiveColumn (7.3s)
✔ [5182/7061] Built OAI.NumberTheory.DirichletL.Hecke.PrimeRay (3.8s)
✔ [5183/7061] Built OAI.NumberTheory.DirichletL.Moments.FirstCommonFourierTransport (3.0s)
✔ [5184/7061] Built OAI.NumberTheory.DirichletL.Descent.Sharp (4.5s)
✔ [5185/7061] Built OAI.NumberTheory.DirichletL.Moments.UniformEligibleEnergy (4.5s)
✔ [5186/7061] Built OAI.NumberTheory.DirichletL.Detector.LowSelectedSum (3.9s)
✔ [5187/7061] Built OAI.NumberTheory.DirichletL.Detector.LowActualEnergies (3.9s)
✔ [5188/7061] Built OAI.NumberTheory.DirichletL.Reflection.TupleFamily (3.8s)
✔ [5189/7061] Built OAI.NumberTheory.DirichletL.Reflection.Rows (3.9s)
✔ [5190/7061] Built OAI.NumberTheory.DirichletL.Moments.FirstPhysicalSource (4.9s)
✔ [5191/7061] Built OAI.NumberTheory.DirichletL.Detector.MixedFubini (4.3s)
✔ [5192/7061] Built OAI.NumberTheory.DirichletL.Moments.SecondHeightFamily (3.0s)
✔ [5193/7061] Built OAI.NumberTheory.DirichletL.PrimeRows.Character (4.3s)
✔ [5194/7061] Built OAI.NumberTheory.DirichletL.Detector.SpectralCompensation (4.1s)
✔ [5195/7061] Built OAI.NumberTheory.DirichletL.Detector.HighRowsClosed (4.4s)
✔ [5196/7061] Built OAI.NumberTheory.DirichletL.Moments.LiveSupport (4.1s)
✔ [5197/7061] Built OAI.NumberTheory.DirichletL.Moments.AllocationCost (4.4s)
✔ [5198/7061] Built OAI.NumberTheory.DirichletL.Moments.SourceZeroEnergy (6.9s)
✔ [5199/7061] Built OAI.NumberTheory.DirichletL.Descent.InitializationEnergy (4.2s)
✔ [5200/7061] Built OAI.NumberTheory.DirichletL.Hecke.PrimeRow (4.5s)
✔ [5201/7061] Built OAI.NumberTheory.DirichletL.Moments.SmoothedWindowEnergy (8.8s)
✔ [5202/7061] Built OAI.NumberTheory.DirichletL.Moments.PlainWindowEnergy (8.0s)
✔ [5203/7061] Built OAI.NumberTheory.DirichletL.Detector.LowSlotSplit (3.0s)
✔ [5204/7061] Built OAI.NumberTheory.DirichletL.Moments.RadialEligibleEnergy (4.8s)
✔ [5205/7061] Built OAI.NumberTheory.DirichletL.Moments.SourceRectangle (5.6s)
✔ [5206/7061] Built OAI.NumberTheory.DirichletL.Detector.LowGramProfile (4.5s)
✔ [5207/7061] Built OAI.NumberTheory.DirichletL.Moments.FirstPhysicalSourcePool (4.2s)
✔ [5208/7061] Built OAI.NumberTheory.DirichletL.Moments.PrimeGlobal (6.3s)
✔ [5209/7061] Built OAI.NumberTheory.DirichletL.Moments.FirstPhysicalSourceBound (4.5s)
✔ [5210/7061] Built OAI.NumberTheory.DirichletL.Reflection.Moving (4.7s)
✔ [5211/7061] Built OAI.NumberTheory.DirichletL.Detector.RawIndexGrouping (4.0s)
✔ [5212/7061] Built OAI.NumberTheory.DirichletL.Detector.PhysicalCrudeMass (5.6s)
✔ [5213/7061] Built OAI.NumberTheory.DirichletL.Moments.SecondFamilyTransport (4.3s)
✔ [5214/7061] Built OAI.NumberTheory.DirichletL.PrimeRows.Principal (4.5s)
✔ [5215/7061] Built OAI.NumberTheory.DirichletL.Detector.HighRowsActual (4.5s)
✔ [5216/7061] Built OAI.NumberTheory.DirichletL.PrimeRows.Euler (4.8s)
✔ [5217/7061] Built OAI.NumberTheory.DirichletL.Detector.CompensationActual (5.1s)
✔ [5218/7061] Built OAI.NumberTheory.DirichletL.Moments.LiveDomain (4.7s)
✔ [5219/7061] Built OAI.NumberTheory.DirichletL.Descent.SecondEnergy (4.7s)
✔ [5220/7061] Built OAI.NumberTheory.DirichletL.Moments.CommonRawScale (5.0s)
✔ [5221/7061] Built OAI.NumberTheory.DirichletL.Hecke.PrimeNonprincipal (4.9s)
✔ [5222/7061] Built OAI.NumberTheory.DirichletL.Moments.RestrictedWindow (5.2s)
✔ [5223/7061] Built OAI.NumberTheory.DirichletL.Moments.BottomStage (4.8s)
✔ [5224/7061] Built OAI.NumberTheory.DirichletL.Detector.LowSlotPolynomial (5.1s)
✔ [5225/7061] Built OAI.NumberTheory.DirichletL.Moments.ExceptionalWindowPair (5.1s)
✔ [5226/7061] Built OAI.NumberTheory.DirichletL.Detector.LowGramHeight (4.9s)
✔ [5227/7061] Built OAI.NumberTheory.DirichletL.Moments.RadialPointwiseEnergy (5.2s)
✔ [5228/7061] Built OAI.NumberTheory.DirichletL.Moments.FirstPhysicalSourceNormalization (4.5s)
✔ [5229/7061] Built OAI.NumberTheory.DirichletL.Detector.LowGramArithmetic (4.9s)
✔ [5230/7061] Built OAI.NumberTheory.DirichletL.Moments.SourceRectangleMask (5.2s)
✔ [5231/7061] Built OAI.NumberTheory.DirichletL.Moments.RadialCenteredEnergy (5.5s)
✔ [5232/7061] Built OAI.NumberTheory.DirichletL.Hecke.PrimeScale (6.5s)
✔ [5233/7061] Built OAI.NumberTheory.DirichletL.Inversion.InitialArithmetic (6.6s)
✔ [5234/7061] Built OAI.NumberTheory.DirichletL.Reflection.Projections (4.7s)
✔ [5235/7061] Built OAI.NumberTheory.DirichletL.Detector.OuterIndex (4.5s)
✔ [5236/7061] Built OAI.NumberTheory.DirichletL.Detector.RawArithmetic (4.5s)
✔ [5237/7061] Built OAI.NumberTheory.DirichletL.Detector.LowGramPoisson (5.5s)
✔ [5238/7061] Built OAI.NumberTheory.DirichletL.Moments.SourceAllocationEnergy (11s)
✔ [5239/7061] Built OAI.NumberTheory.DirichletL.Moments.SourceSecondZeroEnergy (7.3s)
✔ [5240/7061] Built OAI.NumberTheory.DirichletL.Detector.GaussianPhysicalMass (4.0s)
✔ [5241/7061] Built OAI.NumberTheory.DirichletL.Detector.RawNesting (5.2s)
✔ [5242/7061] Built OAI.NumberTheory.DirichletL.PrimeRows.MarkedProduct (4.6s)
✔ [5243/7061] Built OAI.NumberTheory.DirichletL.PrimeRows.Conductor (4.5s)
✔ [5244/7061] Built OAI.NumberTheory.DirichletL.Detector.HighRowsUnramified (5.0s)
✔ [5245/7061] Built OAI.NumberTheory.DirichletL.Moments.AmplificationSource (4.5s)
✔ [5246/7061] Built OAI.NumberTheory.DirichletL.Descent.SecondPass (4.5s)
✔ [5247/7061] Built OAI.NumberTheory.DirichletL.Moments.CommonRawCost (4.6s)
✔ [5248/7061] Built OAI.NumberTheory.DirichletL.Descent.TripleMass (5.3s)
✔ [5249/7061] Built OAI.NumberTheory.DirichletL.Detector.LowSlotWeights (4.5s)
✔ [5250/7061] Built OAI.NumberTheory.DirichletL.Moments.RestrictedDomain (4.6s)
✔ [5251/7061] Built OAI.NumberTheory.DirichletL.Moments.ExceptionalIndexedWindow (4.9s)
✔ [5252/7061] Built OAI.NumberTheory.DirichletL.Detector.LowGramFixedCoefficient (4.6s)
✔ [5253/7061] Built OAI.NumberTheory.DirichletL.Moments.CoreFloor (5.2s)
✔ [5254/7061] Built OAI.NumberTheory.DirichletL.Moments.RadialPointwiseUniform (4.9s)
✔ [5255/7061] Built OAI.NumberTheory.DirichletL.Hecke.DetectorPrimeFamily (4.7s)
✔ [5256/7061] Built OAI.NumberTheory.DirichletL.Hecke.DyadicSource (16s)
✔ [5257/7061] Built OAI.NumberTheory.DirichletL.Detector.SixthArray (4.5s)
✔ [5258/7061] Built OAI.NumberTheory.DirichletL.Reflection.Actual (4.6s)
✔ [5259/7061] Built OAI.NumberTheory.DirichletL.PrincipalSignalComparison (7.4s)
✔ [5260/7061] Built OAI.NumberTheory.DirichletL.Detector.LowGramDiagonal (4.7s)
✔ [5261/7061] Built OAI.NumberTheory.DirichletL.Detector.RawNestedJoin (4.8s)
✔ [5262/7061] Built OAI.NumberTheory.DirichletL.Detector.FiniteProductBounds (7.9s)
✔ [5263/7061] Built OAI.NumberTheory.DirichletL.Moments.AmplificationSourceDomain (4.1s)
✔ [5264/7061] Built OAI.NumberTheory.DirichletL.Detector.HighRowsRegion (4.6s)
✔ [5265/7061] Built OAI.NumberTheory.DirichletL.PrimeRows.MarkedNormalization (4.0s)
✔ [5266/7061] Built OAI.NumberTheory.DirichletL.Inversion.InitialKernelBridge (7.1s)
✔ [5267/7061] Built OAI.NumberTheory.DirichletL.Descent.FreshWindows (4.4s)
✔ [5268/7061] Built OAI.NumberTheory.DirichletL.Descent.FirstPass (4.5s)
✔ [5269/7061] Built OAI.NumberTheory.DirichletL.Detector.RowRadicalConductor (5.8s)
✔ [5270/7061] Built OAI.NumberTheory.DirichletL.Descent.SecondCauchy (4.0s)
✔ [5271/7061] Built OAI.NumberTheory.DirichletL.Moments.ExceptionalWholeWindow (4.1s)
✔ [5272/7061] Built OAI.NumberTheory.DirichletL.Detector.GramNumerator (4.2s)
✔ [5273/7061] Built OAI.NumberTheory.DirichletL.PrimeRows.ReciprocalGrowth (6.0s)
✔ [5274/7061] Built OAI.NumberTheory.DirichletL.Hecke.DetectorDyadicBridge (3.0s)
✔ [5275/7061] Built OAI.NumberTheory.DirichletL.Detector.PrincipalNormalizer (3.9s)
✔ [5276/7061] Built OAI.NumberTheory.DirichletL.Reflection.Columns (4.0s)
✔ [5277/7061] Built OAI.NumberTheory.DirichletL.Inversion.InitialQuotientGeometry (5.3s)
✔ [5278/7061] Built OAI.NumberTheory.DirichletL.Detector.SixthSeries (4.1s)
✔ [5279/7061] Built OAI.NumberTheory.DirichletL.Detector.PhysicalRawIntegral (4.2s)
✔ [5280/7061] Built OAI.NumberTheory.DirichletL.Hecke.DetectorRelativePrime (4.8s)
✔ [5281/7061] Built OAI.NumberTheory.DirichletL.Detector.FiniteProductX (4.5s)
✔ [5282/7061] Built OAI.NumberTheory.DirichletL.Moments.AmplificationSourcePolynomial (3.8s)
✔ [5283/7061] Built OAI.NumberTheory.DirichletL.Moments.AmplificationSourcePool (3.9s)
✔ [5284/7061] Built OAI.NumberTheory.DirichletL.PrimeRows.FiniteNormalization (3.7s)
✔ [5285/7061] Built OAI.NumberTheory.DirichletL.PrimeRows.Unramified (3.8s)
✔ [5286/7061] Built OAI.NumberTheory.DirichletL.Descent.SecondSeparatedColumns (3.5s)
✔ [5287/7061] Built OAI.NumberTheory.DirichletL.Detector.HighRowsScalarBounds (4.3s)
✔ [5288/7061] Built OAI.NumberTheory.DirichletL.Descent.FirstModeChild (3.7s)
✔ [5289/7061] Built OAI.NumberTheory.DirichletL.Moments.SourceSmoothedAllocation (11s)
✔ [5290/7061] Built OAI.NumberTheory.DirichletL.Inversion.InitialRayAttachment (4.9s)
✔ [5291/7061] Built OAI.NumberTheory.DirichletL.Hecke.DetectorDyadicSupport (3.6s)
✔ [5292/7061] Built OAI.NumberTheory.DirichletL.Reflection.BoundedTemplates (3.4s)
✔ [5293/7061] Built OAI.NumberTheory.DirichletL.Detector.GramJointFixed (3.8s)
✔ [5294/7061] Built OAI.NumberTheory.DirichletL.Moments.TwistedReflection (3.8s)
✔ [5295/7061] Built OAI.NumberTheory.DirichletL.Detector.PrincipalResidueActual (4.0s)
✔ [5296/7061] Built OAI.NumberTheory.DirichletL.Moments.PrimeHeight (13s)
✔ [5297/7061] Built OAI.NumberTheory.DirichletL.Detector.RawSourceIntegral (4.1s)
✔ [5298/7061] Built OAI.NumberTheory.DirichletL.PrimeRows.Ideal (3.6s)
✔ [5299/7061] Built OAI.NumberTheory.DirichletL.Descent.SecondFreshAssembly (3.7s)
✔ [5300/7061] Built OAI.NumberTheory.DirichletL.Descent.SecondSourceProfile (4.1s)
✔ [5301/7061] Built OAI.NumberTheory.DirichletL.Detector.HighRowsTermBounds (4.0s)
✔ [5302/7061] Built OAI.NumberTheory.DirichletL.Inversion.InitialClippedColumns (4.5s)
✔ [5303/7061] Built OAI.NumberTheory.DirichletL.Descent.FirstEnergy (4.4s)
✔ [5304/7061] Built OAI.NumberTheory.DirichletL.Inversion.InitialEnergyCallerSelector (4.1s)
✔ [5305/7061] Built OAI.NumberTheory.DirichletL.Reflection.FrozenNorms (4.1s)
✔ [5306/7061] Built OAI.NumberTheory.DirichletL.Inversion.InitialOverlapInputFourier (4.3s)
✔ [5307/7061] Built OAI.NumberTheory.DirichletL.Inversion.InitialZeroMode (4.7s)
✔ [5308/7061] Built OAI.NumberTheory.DirichletL.Hecke.DetectorFrequency (4.5s)
✔ [5309/7061] Built OAI.NumberTheory.DirichletL.Hecke.DetectorDyadicProfiles (4.5s)
✔ [5310/7061] Built OAI.NumberTheory.DirichletL.Detector.GramJoint (4.5s)
✔ [5311/7061] Built OAI.NumberTheory.DirichletL.Moments.RetainedReflection (4.5s)
✔ [5312/7061] Built OAI.NumberTheory.DirichletL.Detector.RaySlots (4.3s)
✔ [5313/7061] Built OAI.NumberTheory.DirichletL.Detector.SourceTriple (4.0s)
✔ [5314/7061] Built OAI.NumberTheory.DirichletL.Descent.SecondGenerator (3.0s)
✔ [5315/7061] Built OAI.NumberTheory.DirichletL.Descent.SecondVaryingDensity (4.1s)
✔ [5316/7061] Built OAI.NumberTheory.DirichletL.Descent.SecondDensityAssembly (4.0s)
✔ [5317/7061] Built OAI.NumberTheory.DirichletL.Descent.SecondWeights (3.9s)
✔ [5318/7061] Built OAI.NumberTheory.DirichletL.Inversion.InitialEnergyCaller (4.1s)
✔ [5319/7061] Built OAI.NumberTheory.DirichletL.Descent.FirstActualEnergy (4.2s)
✔ [5320/7061] Built OAI.NumberTheory.DirichletL.Detector.HighRowsFiniteBounds (4.0s)
✔ [5321/7061] Built OAI.NumberTheory.DirichletL.Inversion.InitialEnergyCallerPool (3.9s)
✔ [5322/7061] Built OAI.NumberTheory.DirichletL.Reflection.NormalizedColumns (3.8s)
✔ [5323/7061] Built OAI.NumberTheory.DirichletL.Inversion.InitialOverlapHeight (3.9s)
✔ [5324/7061] Built OAI.NumberTheory.DirichletL.Inversion.InitialOverlapEnergy (4.0s)
✔ [5325/7061] Built OAI.NumberTheory.DirichletL.Hecke.DetectorFrequencyTail (4.0s)
✔ [5326/7061] Built OAI.NumberTheory.DirichletL.Detector.GramJointSource (4.0s)
✔ [5327/7061] Built OAI.NumberTheory.DirichletL.Detector.TupleScaling (3.6s)
✔ [5328/7061] Built OAI.NumberTheory.DirichletL.Detector.PrincipalContours (10s)
✔ [5329/7061] Built OAI.NumberTheory.DirichletL.Hecke.DetectorDyadicCutoff (4.2s)
✔ [5330/7061] Built OAI.NumberTheory.DirichletL.Detector.RayPoolGood (4.1s)
✔ [5331/7061] Built OAI.NumberTheory.DirichletL.Inversion.InitialZeroModePhysical (4.5s)
✔ [5332/7061] Built OAI.NumberTheory.DirichletL.Detector.RayNormalization (4.2s)
✔ [5333/7061] Built OAI.NumberTheory.DirichletL.Detector.SourceIntegrable (4.1s)
✔ [5334/7061] Built OAI.NumberTheory.DirichletL.Detector.RayPhaseAmplitude (4.4s)
✔ [5335/7061] Built OAI.NumberTheory.DirichletL.Inversion.InitialConjugateEnergy (9.7s)
✔ [5336/7061] Built OAI.NumberTheory.DirichletL.Descent.SecondSourceTuples (4.2s)
✔ [5337/7061] Built OAI.NumberTheory.DirichletL.Descent.SecondVaryingBalanced (4.1s)
✔ [5338/7061] Built OAI.NumberTheory.DirichletL.Descent.SecondBalancedSource (4.3s)
✔ [5339/7061] Built OAI.NumberTheory.DirichletL.Inversion.InitialEnergyCallerCanonical (4.1s)
✔ [5340/7061] Built OAI.NumberTheory.DirichletL.Descent.FirstCoupledReindex (4.1s)
✔ [5341/7061] Built OAI.NumberTheory.DirichletL.Detector.HighRowsRamified (4.1s)
✔ [5342/7061] Built OAI.NumberTheory.DirichletL.Reflection.FamilyFactorization (3.8s)
✔ [5343/7061] Built OAI.NumberTheory.DirichletL.Reflection.ActualBounds (3.8s)
✔ [5344/7061] Built OAI.NumberTheory.DirichletL.Inversion.InitialMarkedInputEnergy (3.7s)
✔ [5345/7061] Built OAI.NumberTheory.DirichletL.Detector.TupleProducts (3.7s)
✔ [5346/7061] Built OAI.NumberTheory.DirichletL.Detector.GramJointMean (3.0s)
✔ [5347/7061] Built OAI.NumberTheory.DirichletL.Detector.GramGcd (4.0s)
✔ [5348/7061] Built OAI.NumberTheory.DirichletL.Hecke.DetectorDyadicActual (4.2s)
✔ [5349/7061] Built OAI.NumberTheory.DirichletL.Detector.RayPoolDisjoint (3.8s)
✔ [5350/7061] Built OAI.NumberTheory.DirichletL.Inversion.InitialZeroModeBudget (4.0s)
✔ [5351/7061] Built OAI.NumberTheory.DirichletL.Detector.TupleMellin (4.4s)
✔ [5352/7061] Built OAI.NumberTheory.DirichletL.Inversion.InitialRawDictionary (4.4s)
✔ [5353/7061] Built OAI.NumberTheory.DirichletL.Hecke.DetectorCommonFrequency (5.5s)
✔ [5354/7061] Built OAI.NumberTheory.DirichletL.Descent.CubeSource (3.8s)
✔ [5355/7061] Built OAI.NumberTheory.DirichletL.Moments.OriginalChildEnergy (14s)
✔ [5356/7061] Built OAI.NumberTheory.DirichletL.Detector.PrincipalTransport (5.9s)
✔ [5357/7061] Built OAI.NumberTheory.DirichletL.Inversion.InitialEnergyCallerOpposite (3.9s)
✔ [5358/7061] Built OAI.NumberTheory.DirichletL.Inversion.InitialEnergyCallerFamily (3.0s)
✔ [5359/7061] Built OAI.NumberTheory.DirichletL.Descent.FirstCommonProfile (3.8s)
✔ [5360/7061] Built OAI.NumberTheory.DirichletL.Inversion.InitialPhysicalMeasure (6.0s)
✔ [5361/7061] Built OAI.NumberTheory.DirichletL.Detector.HighRowsHolomorphic (4.1s)
✔ [5362/7061] Built OAI.NumberTheory.DirichletL.PrimeRows.Ramified (4.2s)
✔ [5363/7061] Built OAI.NumberTheory.DirichletL.Reflection.Energy (4.2s)
✔ [5364/7061] Built OAI.NumberTheory.DirichletL.Detector.GramFrequency (3.7s)
✔ [5365/7061] Built OAI.NumberTheory.DirichletL.Detector.GramJointPeriod (4.1s)
✔ [5366/7061] Built OAI.NumberTheory.DirichletL.Detector.GramIdealDilation (4.1s)
✔ [5367/7061] Built OAI.NumberTheory.DirichletL.Detector.RayPoolThresholds (4.1s)
✔ [5368/7061] Built OAI.NumberTheory.DirichletL.Detector.TupleRows (4.1s)
✔ [5369/7061] Built OAI.NumberTheory.DirichletL.Hecke.DetectorNormalized (3.9s)
✔ [5370/7061] Built OAI.NumberTheory.DirichletL.Descent.CubeSupportNorm (3.9s)
✔ [5371/7061] Built OAI.NumberTheory.DirichletL.Descent.SecondSourceEncoding (4.2s)
✔ [5372/7061] Built OAI.NumberTheory.DirichletL.Inversion.InitialEnergyCallerWindow (4.3s)
✔ [5373/7061] Built OAI.NumberTheory.DirichletL.Moments.GaussNormalization (4.1s)
✔ [5374/7061] Built OAI.NumberTheory.DirichletL.Moments.SecondSourceEnergy (4.1s)
✔ [5375/7061] Built OAI.NumberTheory.DirichletL.Inversion.InitialExcludedPolynomial (4.7s)
✔ [5376/7061] Built OAI.NumberTheory.DirichletL.Inversion.InitialProfileBounds (4.1s)
✔ [5377/7061] Built OAI.NumberTheory.DirichletL.Descent.FirstPhysicalCommon (4.6s)
✔ [5378/7061] Built OAI.NumberTheory.DirichletL.Inversion.InitialEnergyCallerWeights (4.9s)
✔ [5379/7061] Built OAI.NumberTheory.DirichletL.Inversion.InitialRetainedSupport (5.2s)
✔ [5380/7061] Built OAI.NumberTheory.DirichletL.PrimeRows.Product (4.9s)
✔ [5381/7061] Built OAI.NumberTheory.DirichletL.Inversion.InitialEnergyCallerModes (5.4s)
✔ [5382/7061] Built OAI.NumberTheory.DirichletL.Detector.GramGcdSource (4.6s)
✔ [5383/7061] Built OAI.NumberTheory.DirichletL.Reflection.SourceSum (5.1s)
✔ [5384/7061] Built OAI.NumberTheory.DirichletL.Detector.HighRowsFirstHolomorphic (5.3s)
✔ [5385/7061] Built OAI.NumberTheory.DirichletL.Detector.HighRowsSharpScalar (5.5s)
✔ [5386/7061] Built OAI.NumberTheory.DirichletL.Detector.GramPrimeSeparation (4.7s)
✔ [5387/7061] Built OAI.NumberTheory.DirichletL.Inversion.InitialHighFrequencyTailKernel (5.0s)
✔ [5388/7061] Built OAI.NumberTheory.DirichletL.Detector.GramMobiusPool (4.8s)
✔ [5389/7061] Built OAI.NumberTheory.DirichletL.Detector.TuplePrime (4.7s)
✔ [5390/7061] Built OAI.NumberTheory.DirichletL.Detector.TupleKernel (4.7s)
✔ [5391/7061] Built OAI.NumberTheory.DirichletL.Descent.FirstMarkedZeroSource (4.8s)
✔ [5392/7061] Built OAI.NumberTheory.DirichletL.Moments.SecondSourcePoisson (4.6s)
✔ [5393/7061] Built OAI.NumberTheory.DirichletL.Moments.AmplificationLiveMask (8.8s)
✔ [5394/7061] Built OAI.NumberTheory.DirichletL.Descent.SecondFixedFamily (4.8s)
✔ [5395/7061] Built OAI.NumberTheory.DirichletL.Inversion.InitialCommonPool (5.1s)
✔ [5396/7061] Built OAI.NumberTheory.DirichletL.Inversion.InitialExcludedGeometry (4.8s)
✔ [5397/7061] Built OAI.NumberTheory.DirichletL.Inversion.InitialExcludedEnergy (4.9s)
✔ [5398/7061] Built OAI.NumberTheory.DirichletL.Detector.PrincipalRemainderBounds (9.0s)
✔ [5399/7061] Built OAI.NumberTheory.DirichletL.Moments.AmplificationSourceError (5.4s)
✔ [5400/7061] Built OAI.NumberTheory.DirichletL.Descent.ActualSecondEnergy (5.4s)
✔ [5401/7061] Built OAI.NumberTheory.DirichletL.Hecke.DetectorSaturation (5.8s)
✔ [5402/7061] Built OAI.NumberTheory.DirichletL.Descent.FirstTailAggregation (6.4s)
✔ [5403/7061] Built OAI.NumberTheory.DirichletL.Descent.FirstCommonMeasure (4.6s)
✔ [5404/7061] Built OAI.NumberTheory.DirichletL.Inversion.InitialHighFrequencyTailWeights (4.2s)
✔ [5405/7061] Built OAI.NumberTheory.DirichletL.Descent.FirstCanonicalPhysical (4.8s)
✔ [5406/7061] Built OAI.NumberTheory.DirichletL.Inversion.InitialEnergyCallerSource (4.4s)
✔ [5407/7061] Built OAI.NumberTheory.DirichletL.Reflection.Extraction (4.4s)
✔ [5408/7061] Built OAI.NumberTheory.DirichletL.Detector.GramPrimaryLattice (4.6s)
✔ [5409/7061] Built OAI.NumberTheory.DirichletL.PrimeRows.Continuation (5.0s)
✔ [5410/7061] Built OAI.NumberTheory.DirichletL.Inversion.InitialHighFrequencyTailInfinite (4.4s)
✔ [5411/7061] Built OAI.NumberTheory.DirichletL.Inversion.InitialHighFrequencyTailGeometry (4.6s)
✔ [5412/7061] Built OAI.NumberTheory.DirichletL.Detector.GramResidue (4.7s)
✔ [5413/7061] Built OAI.NumberTheory.DirichletL.Moments.RestrictedSource (12s)
✔ [5414/7061] Built OAI.NumberTheory.DirichletL.Detector.TuplePrincipal (4.4s)
✔ [5415/7061] Built OAI.NumberTheory.DirichletL.Inversion.InitialHighFrequencyTailScale (5.2s)
✔ [5416/7061] Built OAI.NumberTheory.DirichletL.PrimeRows.MarkedSubset (4.7s)
✔ [5417/7061] Built OAI.NumberTheory.DirichletL.Moments.AmplificationAllocationCost (4.5s)
✔ [5418/7061] Built OAI.NumberTheory.DirichletL.Detector.CanonicalSlots (5.1s)
✔ [5419/7061] Built OAI.NumberTheory.DirichletL.Moments.SecondSectorColumns (4.6s)
✔ [5420/7061] Built OAI.NumberTheory.DirichletL.Inversion.InitialExcludedPeriod (4.7s)
✔ [5421/7061] Built OAI.NumberTheory.DirichletL.Detector.HighRowsFirstRegion (12s)
✔ [5422/7061] Built OAI.NumberTheory.DirichletL.Inversion.InitialCommonForcing (5.0s)
✔ [5423/7061] Built OAI.NumberTheory.DirichletL.Moments.AmplificationErrorPool (4.7s)
✔ [5424/7061] Built OAI.NumberTheory.DirichletL.Hecke.DetectorDyadicLengths (4.6s)
✔ [5425/7061] Built OAI.NumberTheory.DirichletL.Moments.AmplificationFamily (4.9s)
✔ [5426/7061] Built OAI.NumberTheory.DirichletL.Hecke.DetectorDyadicGeometry (5.0s)
✔ [5427/7061] Built OAI.NumberTheory.DirichletL.Descent.SecondCanonicalChild (5.2s)
✔ [5428/7061] Built OAI.NumberTheory.DirichletL.Inversion.InitialHighFrequencyTailSource (4.7s)
✔ [5429/7061] Built OAI.NumberTheory.DirichletL.Descent.FirstCommonColumns (4.8s)
✔ [5430/7061] Built OAI.NumberTheory.DirichletL.Descent.FirstRapidPhysicalTail (5.1s)
✔ [5431/7061] Built OAI.NumberTheory.DirichletL.Descent.FirstRetainedPhysical (5.2s)
✔ [5432/7061] Built OAI.NumberTheory.DirichletL.Moments.SecondWholeKernel (7.1s)
✔ [5433/7061] Built OAI.NumberTheory.DirichletL.Reflection.ExtractedKernel (4.7s)
✔ [5434/7061] Built OAI.NumberTheory.DirichletL.Detector.GramLatticeSource (4.0s)
✔ [5435/7061] Built OAI.NumberTheory.DirichletL.Detector.HighRowsFirstTerms (9.3s)
✔ [5436/7061] Built OAI.NumberTheory.DirichletL.Inversion.InitialPhysicalReassembly (5.5s)
✔ [5437/7061] Built OAI.NumberTheory.DirichletL.PrimeRows.Agreement (5.1s)
✔ [5438/7061] Built OAI.NumberTheory.DirichletL.Inversion.InitialHighFrequencyTailAnnulus (5.1s)
✔ [5439/7061] Built OAI.NumberTheory.DirichletL.Moments.SourceRectangleEnergy (4.7s)
✔ [5440/7061] Built OAI.NumberTheory.DirichletL.Detector.GramNonexceptionalBlock (5.6s)
✔ [5441/7061] Built OAI.NumberTheory.DirichletL.Inversion.InitialHighFrequencyTailPower (5.1s)
✔ [5442/7061] Built OAI.NumberTheory.DirichletL.Detector.CompensatedTriple (5.1s)
✔ [5443/7061] Built OAI.NumberTheory.DirichletL.PrimeRows.MarkedCompensation (5.1s)
✔ [5444/7061] Built OAI.NumberTheory.DirichletL.Moments.AmplificationAllocationScale (4.0s)
✔ [5445/7061] Built OAI.NumberTheory.DirichletL.Moments.SecondSourceMask (4.8s)
✔ [5446/7061] Built OAI.NumberTheory.DirichletL.Detector.LowSlotMarks (5.2s)
✔ [5447/7061] Built OAI.NumberTheory.DirichletL.Moments.FirstRetainedSector (5.2s)
✔ [5448/7061] Built OAI.NumberTheory.DirichletL.Moments.SecondCanonical (5.3s)
✔ [5449/7061] Built OAI.NumberTheory.DirichletL.Inversion.InitialExcludedElement (4.9s)
✔ [5450/7061] Built OAI.NumberTheory.DirichletL.Detector.GramShell (7.2s)
✔ [5451/7061] Built OAI.NumberTheory.DirichletL.PrimeRows.FirstTail (5.3s)
✔ [5452/7061] Built OAI.NumberTheory.DirichletL.Inversion.InitialCommonTuples (5.1s)
✔ [5453/7061] Built OAI.NumberTheory.DirichletL.Moments.AmplificationErrorEnergy (5.0s)
✔ [5454/7061] Built OAI.NumberTheory.DirichletL.Moments.AmplificationFamilyEnergy (5.1s)
✔ [5455/7061] Built OAI.NumberTheory.DirichletL.Moments.SecondSectorChildren (6.1s)
✔ [5456/7061] Built OAI.NumberTheory.DirichletL.Inversion.InitialHighFrequencyTailAggregate (4.7s)
✔ [5457/7061] Built OAI.NumberTheory.DirichletL.Descent.FirstCommonChild (5.1s)
✔ [5458/7061] Built OAI.NumberTheory.DirichletL.Inversion.InitialHighFrequencyTailCoefficient (5.3s)
✔ [5459/7061] Built OAI.NumberTheory.DirichletL.Moments.LogDyadic (4.7s)
✔ [5460/7061] Built OAI.NumberTheory.DirichletL.Descent.FirstBlocks (5.2s)
✔ [5461/7061] Built OAI.NumberTheory.DirichletL.Descent.ReopenedPhysicalSplit (5.2s)
✔ [5462/7061] Built OAI.NumberTheory.DirichletL.Reflection.ExtractedRow (5.3s)
✔ [5463/7061] Built OAI.NumberTheory.DirichletL.Moments.SecondTail (5.6s)
✔ [5464/7061] Built OAI.NumberTheory.DirichletL.Detector.HighRowsSelectedError (8.2s)
✔ [5465/7061] Built OAI.NumberTheory.DirichletL.Moments.AmplificationLiveEnergy (13s)
✔ [5466/7061] Built OAI.NumberTheory.DirichletL.Detector.GramMobiusLattice (5.1s)
✔ [5467/7061] Built OAI.NumberTheory.DirichletL.Descent.FirstFullRapidTail (6.2s)
✔ [5468/7061] Built OAI.NumberTheory.DirichletL.Inversion.InitialPhysicalLimit (5.1s)
✔ [5469/7061] Built OAI.NumberTheory.DirichletL.PrimeRows.Series (5.1s)
✔ [5470/7061] Built OAI.NumberTheory.DirichletL.Descent.SecondCanonicalSplit (7.9s)
✔ [5471/7061] Built OAI.NumberTheory.DirichletL.Moments.RadialSourceDictionary (5.0s)
✔ [5472/7061] Built OAI.NumberTheory.DirichletL.Moments.SourceAbsoluteEnvelope (5.0s)
✔ [5473/7061] Built OAI.NumberTheory.DirichletL.Detector.HighRowsFirstRamified (6.0s)
✔ [5474/7061] Built OAI.NumberTheory.DirichletL.Moments.DetectorPlainSource (5.4s)
✔ [5475/7061] Built OAI.NumberTheory.DirichletL.Moments.SourceRetainedEnergy (5.2s)
✔ [5476/7061] Built OAI.NumberTheory.DirichletL.Moments.ActiveSourceRetained (5.2s)
✔ [5477/7061] Built OAI.NumberTheory.DirichletL.Detector.InitialRows (5.3s)
✔ [5478/7061] Built OAI.NumberTheory.DirichletL.PrimeRows.MarkedCoordinates (5.2s)
✔ [5479/7061] Built OAI.NumberTheory.DirichletL.Detector.LowPrimeFamily (4.0s)
✔ [5480/7061] Built OAI.NumberTheory.DirichletL.Moments.FirstCanonicalAllowance (4.9s)
✔ [5481/7061] Built OAI.NumberTheory.DirichletL.Detector.GramAnnularCount (4.8s)
✔ [5482/7061] Built OAI.NumberTheory.DirichletL.Moments.SecondCanonicalFrequency (5.2s)
✔ [5483/7061] Built OAI.NumberTheory.DirichletL.ParametersFixedSource (4.9s)
✔ [5484/7061] Built OAI.NumberTheory.DirichletL.PrimeRows.FirstProduct (4.7s)
✔ [5485/7061] Built OAI.NumberTheory.DirichletL.Moments.RestrictedSourceNormalization (13s)
✔ [5486/7061] Built OAI.NumberTheory.DirichletL.Inversion.InitialCommonRatios (4.7s)
✔ [5487/7061] Built OAI.NumberTheory.DirichletL.Inversion.InitialCommonLists (4.7s)
✔ [5488/7061] Built OAI.NumberTheory.DirichletL.Moments.AmplificationActiveFactor (4.7s)
✔ [5489/7061] Built OAI.NumberTheory.DirichletL.Descent.FirstFreshEnergy (5.1s)
✔ [5490/7061] Built OAI.NumberTheory.DirichletL.Moments.SecondSectorEnergy (5.4s)
✔ [5491/7061] Built OAI.NumberTheory.DirichletL.Descent.FirstBlockEnergy (4.8s)
✔ [5492/7061] Built OAI.NumberTheory.DirichletL.Descent.ReopenedPhysicalEnergy (4.8s)
✔ [5493/7061] Built OAI.NumberTheory.DirichletL.Detector.HighRowsFirstNeighborhood (13s)
✔ [5494/7061] Built OAI.NumberTheory.DirichletL.Inversion.InitialHighFrequencyTailFiber (5.2s)
✔ [5495/7061] Built OAI.NumberTheory.DirichletL.Descent.FirstBalancedSource (5.4s)
✔ [5496/7061] Built OAI.NumberTheory.DirichletL.Reflection.ExtractedEnergy (5.3s)
✔ [5497/7061] Built OAI.NumberTheory.DirichletL.Detector.GramPhysicalScale (5.0s)
✔ [5498/7061] Built OAI.NumberTheory.DirichletL.Moments.SupportedTailAggregate (5.5s)
✔ [5499/7061] Built OAI.NumberTheory.DirichletL.Detector.HighRowsSelectedUnramified (5.7s)
✔ [5500/7061] Built OAI.NumberTheory.DirichletL.Detector.GramWindowMobius (5.2s)
✔ [5501/7061] Built OAI.NumberTheory.DirichletL.Descent.SecondAssignedSource (4.8s)
✔ [5502/7061] Built OAI.NumberTheory.DirichletL.Detector.CompensatedRows (4.9s)
✔ [5503/7061] Built OAI.NumberTheory.DirichletL.Detector.LowPeriodSupport (4.8s)
✔ [5504/7061] Built OAI.NumberTheory.DirichletL.Detector.LowInverseEnergy (4.8s)
✔ [5505/7061] Built OAI.NumberTheory.DirichletL.Detector.GramLatticeWindow (4.6s)
✔ [5506/7061] Built OAI.NumberTheory.DirichletL.Moments.SecondCanonicalNonunit (4.5s)
✔ [5507/7061] Built OAI.NumberTheory.DirichletL.Moments.SmoothedRetainedSource (5.5s)
✔ [5508/7061] Built OAI.NumberTheory.DirichletL.Moments.FirstExtractedLedger (4.0s)
✔ [5509/7061] Built OAI.NumberTheory.DirichletL.Moments.ActiveSmoothedSource (5.5s)
✔ [5510/7061] Built OAI.NumberTheory.DirichletL.PrimeRows.FirstAnalytic (4.8s)
✔ [5511/7061] Built OAI.NumberTheory.DirichletL.Hecke.DetectorSimultaneous (14s)
✔ [5512/7061] Built OAI.NumberTheory.DirichletL.Hecke.DetectorSimultaneousSupport (15s)
✔ [5513/7061] Built OAI.NumberTheory.DirichletL.Moments.AmplificationActiveFamily (4.4s)
✔ [5514/7061] Built OAI.NumberTheory.DirichletL.Inversion.InitialCommonProfile (4.6s)
✔ [5515/7061] Built OAI.NumberTheory.DirichletL.Moments.SecondWindowSource (4.7s)
✔ [5516/7061] Built OAI.NumberTheory.DirichletL.Descent.FirstToSecond (4.8s)
✔ [5517/7061] Built OAI.NumberTheory.DirichletL.Descent.ReopenedZeroEnergy (4.6s)
✔ [5518/7061] Built OAI.NumberTheory.DirichletL.Descent.FirstFamilyEnergy (4.9s)
✔ [5519/7061] Built OAI.NumberTheory.DirichletL.Descent.FirstOldEnergy (5.2s)
✔ [5520/7061] Built OAI.NumberTheory.DirichletL.Detector.HighRowsSelectedActual (4.5s)
✔ [5521/7061] Built OAI.NumberTheory.DirichletL.Reflection.ActualExtractedEnergy (4.8s)
✔ [5522/7061] Built OAI.NumberTheory.DirichletL.Descent.SecondAssignedSum (4.5s)
✔ [5523/7061] Built OAI.NumberTheory.DirichletL.Detector.HighRowsSelectedTerms (9.4s)
✔ [5524/7061] Built OAI.NumberTheory.DirichletL.Moments.SecondLocalization (4.8s)
✔ [5525/7061] Built OAI.NumberTheory.DirichletL.Inversion.InitialHighFrequencyTail (5.5s)
✔ [5526/7061] Built OAI.NumberTheory.DirichletL.Detector.GramCommonSource (5.1s)
✔ [5527/7061] Built OAI.NumberTheory.DirichletL.Detector.GramSourceBlock (5.3s)
✔ [5528/7061] Built OAI.NumberTheory.DirichletL.Moments.SourceSupportedTailUniform (5.4s)
✔ [5529/7061] Built OAI.NumberTheory.DirichletL.Detector.PrincipalSplit (4.8s)
✔ [5530/7061] Built OAI.NumberTheory.DirichletL.Detector.LowPeriodFilter (4.7s)
✔ [5531/7061] Built OAI.NumberTheory.DirichletL.Moments.SecondCanonicalLedger (4.7s)
✔ [5532/7061] Built OAI.NumberTheory.DirichletL.Detector.LowElementRows (5.0s)
✔ [5533/7061] Built OAI.NumberTheory.DirichletL.Hecke.DetectorRowCount (4.6s)
✔ [5534/7061] Built OAI.NumberTheory.DirichletL.Moments.FirstPhysicalLedger (5.4s)
✔ [5535/7061] Built OAI.NumberTheory.DirichletL.Hecke.DetectorWitnessRows (4.8s)
✔ [5536/7061] Built OAI.NumberTheory.DirichletL.PrimeRows.FirstContinuation (5.5s)
✔ [5537/7061] Built OAI.NumberTheory.DirichletL.Moments.SecondWindowBudget (4.9s)
✔ [5538/7061] Built OAI.NumberTheory.DirichletL.Descent.FirstPriorityEnergy (5.2s)
✔ [5539/7061] Built OAI.NumberTheory.DirichletL.Descent.OriginalZeroPhysical (5.2s)
✔ [5540/7061] Built OAI.NumberTheory.DirichletL.Moments.AmplificationChildEnergy (14s)
✔ [5541/7061] Built OAI.NumberTheory.DirichletL.Descent.FirstFamilySource (5.3s)
✔ [5542/7061] Built OAI.NumberTheory.DirichletL.Descent.FirstUnequalEnergy (5.3s)
✔ [5543/7061] Built OAI.NumberTheory.DirichletL.Descent.FirstFamilyToSecond (5.2s)
✔ [5544/7061] Built OAI.NumberTheory.DirichletL.Hecke.DetectorRowCountCrossing (7.8s)
✔ [5545/7061] Built OAI.NumberTheory.DirichletL.Inversion.InitialEnergyCallerAssigned (5.2s)
✔ [5546/7061] Built OAI.NumberTheory.DirichletL.Descent.SecondMarkedEnergy (5.2s)
✔ [5547/7061] Built OAI.NumberTheory.DirichletL.Reflection.SourceFamily (5.4s)
✔ [5548/7061] Built OAI.NumberTheory.DirichletL.Inversion.SecondPrincipalCaller (6.5s)
✔ [5549/7061] Built OAI.NumberTheory.DirichletL.Reflection.WeightedEnergy (5.5s)
✔ [5550/7061] Built OAI.NumberTheory.DirichletL.Moments.ActiveSource (5.5s)
✔ [5551/7061] Built OAI.NumberTheory.DirichletL.Detector.HighRowsCentralStrict (5.7s)
✔ [5552/7061] Built OAI.NumberTheory.DirichletL.Detector.HighRowsSelectedBound (5.0s)
✔ [5553/7061] Built OAI.NumberTheory.DirichletL.Detector.PrincipalInput (5.3s)
✔ [5554/7061] Built OAI.NumberTheory.DirichletL.Moments.SecondExceptionalCount (5.2s)
✔ [5555/7061] Built OAI.NumberTheory.DirichletL.Inversion.InitialHighFrequencyTailRapid (6.1s)
✔ [5556/7061] Built OAI.NumberTheory.DirichletL.Moments.SecondSectorFrequency (5.3s)
✔ [5557/7061] Built OAI.NumberTheory.DirichletL.Moments.SecondLiveEnergy (12s)
✔ [5558/7061] Built OAI.NumberTheory.DirichletL.Detector.GramCanonical (5.8s)
✔ [5559/7061] Built OAI.NumberTheory.DirichletL.Moments.SecondMovingSupport (5.4s)
✔ [5560/7061] Built OAI.NumberTheory.DirichletL.Hecke.DetectorRowwise (5.0s)
✔ [5561/7061] Built OAI.NumberTheory.DirichletL.Hecke.DetectorDynamicSelection (4.8s)
✔ [5562/7061] Built OAI.NumberTheory.DirichletL.Hecke.DetectorSupportedWitness (4.9s)
✔ [5563/7061] Built OAI.NumberTheory.DirichletL.Detector.SelectedPrimeSums (7.2s)
✔ [5564/7061] Built OAI.NumberTheory.DirichletL.PrimeRows.Origin (4.8s)
✔ [5565/7061] Built OAI.NumberTheory.DirichletL.PrimeRows.FirstNeighborhood (5.2s)
✔ [5566/7061] Built OAI.NumberTheory.DirichletL.Moments.SecondCanonicalScalar (7.8s)
✔ [5567/7061] Built OAI.NumberTheory.DirichletL.Descent.FirstUnequalPhysicalEnergy (4.7s)
✔ [5568/7061] Built OAI.NumberTheory.DirichletL.Reflection.Shape (4.5s)
✔ [5569/7061] Built OAI.NumberTheory.DirichletL.Inversion.InitialEnergyCallerSupport (4.8s)
✔ [5570/7061] Built OAI.NumberTheory.DirichletL.Descent.FirstCanonicalEnergy (4.0s)
✔ [5571/7061] Built OAI.NumberTheory.DirichletL.Reflection.SourceSectors (4.8s)
✔ [5572/7061] Built OAI.NumberTheory.DirichletL.Moments.FirstRetainedActive (4.4s)
✔ [5573/7061] Built OAI.NumberTheory.DirichletL.Detector.HighRowsCentralError (14s)
✔ [5574/7061] Built OAI.NumberTheory.DirichletL.Descent.SecondMarkedTail (4.9s)
✔ [5575/7061] Built OAI.NumberTheory.DirichletL.Moments.SecondActiveCount (4.6s)
✔ [5576/7061] Built OAI.NumberTheory.DirichletL.Descent.SecondSquarefree (5.1s)
✔ [5577/7061] Built OAI.NumberTheory.DirichletL.Reflection.ActualWeightedEnergy (5.2s)
✔ [5578/7061] Built OAI.NumberTheory.DirichletL.Detector.HighRowsCentralEntry (4.9s)
✔ [5579/7061] Built OAI.NumberTheory.DirichletL.Moments.SecondSixthReduction (4.6s)
✔ [5580/7061] Built OAI.NumberTheory.DirichletL.Moments.SecondExceptionalEnergy (4.8s)
✔ [5581/7061] Built OAI.NumberTheory.DirichletL.Detector.GramClassification (4.8s)
✔ [5582/7061] Built OAI.NumberTheory.DirichletL.Detector.SelectedPrimeIndexed (4.2s)
✔ [5583/7061] Built OAI.NumberTheory.DirichletL.Detector.HighRowsCentralTerms (11s)
✔ [5584/7061] Built OAI.NumberTheory.DirichletL.Moments.SecondSectorRetained (5.0s)
✔ [5585/7061] Built OAI.NumberTheory.DirichletL.Hecke.DetectorSlotSelection (6.5s)
✔ [5586/7061] Built OAI.NumberTheory.DirichletL.Moments.FixedQForcingCount (5.2s)
✔ [5587/7061] Built OAI.NumberTheory.DirichletL.Hecke.DetectorRowwisePolynomial (4.8s)
✔ [5588/7061] Built OAI.NumberTheory.DirichletL.Hecke.DetectorRowwiseChain (4.9s)
✔ [5589/7061] Built OAI.NumberTheory.DirichletL.PrimeRows.FirstBoundary (4.8s)
✔ [5590/7061] Built OAI.NumberTheory.DirichletL.Detector.HighRowsSelectedRamified (7.0s)
✔ [5591/7061] Built OAI.NumberTheory.DirichletL.Reflection.ShapeWeights (4.0s)
✔ [5592/7061] Built OAI.NumberTheory.DirichletL.Inversion.InitialEnergyCallerAssignedPair (4.2s)
✔ [5593/7061] Built OAI.NumberTheory.DirichletL.Descent.FirstUnequalMovingEnergy (4.6s)
✔ [5594/7061] Built OAI.NumberTheory.DirichletL.Reflection.SectorData (4.2s)
✔ [5595/7061] Built OAI.NumberTheory.DirichletL.Reflection.TupleSectors (4.2s)
✔ [5596/7061] Built OAI.NumberTheory.DirichletL.Descent.FirstPhysicalFamily (4.4s)
✔ [5597/7061] Built OAI.NumberTheory.DirichletL.Detector.HighRowsCentralSelected (4.3s)
✔ [5598/7061] Built OAI.NumberTheory.DirichletL.Descent.SecondSupportedEnergy (4.4s)
✔ [5599/7061] Built OAI.NumberTheory.DirichletL.Reflection.WeightedSourceSum (4.2s)
✔ [5600/7061] Built OAI.NumberTheory.DirichletL.Descent.SecondPuncture (4.7s)
✔ [5601/7061] Built OAI.NumberTheory.DirichletL.Moments.SecondSixthSource (4.3s)
✔ [5602/7061] Built OAI.NumberTheory.DirichletL.Detector.GramCanonicalBlock (4.5s)
✔ [5603/7061] Built OAI.NumberTheory.DirichletL.Moments.SecondRetainedPair (4.5s)
✔ [5604/7061] Built OAI.NumberTheory.DirichletL.Moments.SecondPhysicalWindow (4.5s)
✔ [5605/7061] Built OAI.NumberTheory.DirichletL.Moments.SlotRemoval (4.5s)
✔ [5606/7061] Built OAI.NumberTheory.DirichletL.Hecke.DetectorRowwiseMarked (4.3s)
✔ [5607/7061] Built OAI.NumberTheory.DirichletL.Hecke.DetectorRowCountOptimization (11s)
✔ [5608/7061] Built OAI.NumberTheory.DirichletL.Hecke.PrimeAmplitudeBins (4.7s)
✔ [5609/7061] Built OAI.NumberTheory.DirichletL.PrimeRows.MarkedExclusions (4.1s)
✔ [5610/7061] Built OAI.NumberTheory.DirichletL.Detector.HighRowsCentralBase (5.4s)
✔ [5611/7061] Built OAI.NumberTheory.DirichletL.Moments.ExceptionalCappedAmplitude (6.3s)
✔ [5612/7061] Built OAI.NumberTheory.DirichletL.PrimeRows.Selected (4.8s)
✔ [5613/7061] Built OAI.NumberTheory.DirichletL.Moments.AmplificationOriginalErrors (13s)
✔ [5614/7061] Built OAI.NumberTheory.DirichletL.Inversion.InitialEnergyCallerMass (4.9s)
✔ [5615/7061] Built OAI.NumberTheory.DirichletL.Moments.SecondSourceCost (12s)
✔ [5616/7061] Built OAI.NumberTheory.DirichletL.Inversion.InitialEnergyCallerAssignedCanonical (5.1s)
✔ [5617/7061] Built OAI.NumberTheory.DirichletL.Descent.FirstRetainedFamily (4.0s)
✔ [5618/7061] Built OAI.NumberTheory.DirichletL.Descent.FirstGlobalSourceSupport (5.1s)
✔ [5619/7061] Built OAI.NumberTheory.DirichletL.Descent.SecondPhysicalRows (4.9s)
✔ [5620/7061] Built OAI.NumberTheory.DirichletL.Descent.SecondWholeMass (4.9s)
✔ [5621/7061] Built OAI.NumberTheory.DirichletL.Reflection.WeightedMeasurable (4.9s)
✔ [5622/7061] Built OAI.NumberTheory.DirichletL.Descent.SecondParentLists (4.8s)
✔ [5623/7061] Built OAI.NumberTheory.DirichletL.Descent.SecondVaryingLists (4.0s)
✔ [5624/7061] Built OAI.NumberTheory.DirichletL.Descent.SecondSectorAssembly (5.1s)
✔ [5625/7061] Built OAI.NumberTheory.DirichletL.Descent.SecondInheritedEnergy (4.0s)
✔ [5626/7061] Built OAI.NumberTheory.DirichletL.Moments.SecondReducedEnergy (4.8s)
✔ [5627/7061] Built OAI.NumberTheory.DirichletL.Moments.SecondRadicalFamily (4.9s)
✔ [5628/7061] Built OAI.NumberTheory.DirichletL.Detector.HighRowsCentralQuotient (5.9s)
✔ [5629/7061] Built OAI.NumberTheory.DirichletL.Descent.SecondPunctureBudget (5.5s)
✔ [5630/7061] Built OAI.NumberTheory.DirichletL.Moments.SecondSourceRetained (4.0s)
✔ [5631/7061] Built OAI.NumberTheory.DirichletL.Moments.SecondDyadicPartition (4.0s)
✔ [5632/7061] Built OAI.NumberTheory.DirichletL.Moments.WholeSlotDeletion (4.0s)
✔ [5633/7061] Built OAI.NumberTheory.DirichletL.Detector.GramCanonicalSource (5.1s)
✔ [5634/7061] Built OAI.NumberTheory.DirichletL.Hecke.PrimeAmplitudeScale (4.8s)
✔ [5635/7061] Built OAI.NumberTheory.DirichletL.Moments.SecondIdealBlockBound (5.5s)
✔ [5636/7061] Built OAI.NumberTheory.DirichletL.PrimeRows.RestoreCorrection (5.2s)
✔ [5637/7061] Built OAI.NumberTheory.DirichletL.Detector.GramCanonicalTrivial (6.1s)
✔ [5638/7061] Built OAI.NumberTheory.DirichletL.Detector.GramWeightedFrequency (6.6s)
✔ [5639/7061] Built OAI.NumberTheory.DirichletL.Hecke.DetectorRowwisePlain (6.6s)
✔ [5640/7061] Built OAI.NumberTheory.DirichletL.Moments.FiniteProfileExceptionalRow (4.7s)
✔ [5641/7061] Built OAI.NumberTheory.DirichletL.Hecke.DetectorRowCountEndpoint (6.8s)
✔ [5642/7061] Built OAI.NumberTheory.DirichletL.Hecke.DetectorBranchBudget (6.9s)
✔ [5643/7061] Built OAI.NumberTheory.DirichletL.Moments.AllocatedCenteredCapped (5.3s)
✔ [5644/7061] Built OAI.NumberTheory.DirichletL.Detector.HighRowsCentralDefect (6.5s)
✔ [5645/7061] Built OAI.NumberTheory.DirichletL.Inversion.InitialEnergyCallerSector (4.8s)
✔ [5646/7061] Built OAI.NumberTheory.DirichletL.PrimeRows.SelectedUnramified (5.3s)
✔ [5647/7061] Built OAI.NumberTheory.DirichletL.Descent.SecondVariablePrincipal (4.0s)
✔ [5648/7061] Built OAI.NumberTheory.DirichletL.Descent.FirstActualSecondEnergy (4.8s)
✔ [5649/7061] Built OAI.NumberTheory.DirichletL.Descent.SecondVaryingSupported (4.0s)
✔ [5650/7061] Built OAI.NumberTheory.DirichletL.Descent.SecondModeCanonical (5.0s)
✔ [5651/7061] Built OAI.NumberTheory.DirichletL.Moments.SecondRadicalColumns (4.8s)
✔ [5652/7061] Built OAI.NumberTheory.DirichletL.Reflection.CommonMeasure (5.4s)
✔ [5653/7061] Built OAI.NumberTheory.DirichletL.Detector.HighRowsCentralRamified (8.0s)
✔ [5654/7061] Built OAI.NumberTheory.DirichletL.Moments.SlotNormalization (4.6s)
✔ [5655/7061] Built OAI.NumberTheory.DirichletL.Moments.SecondRadicalBudget (5.4s)
✔ [5656/7061] Built OAI.NumberTheory.DirichletL.Detector.GramNonzeroFrequency (4.8s)
✔ [5657/7061] Built OAI.NumberTheory.DirichletL.Detector.GramFiniteGcd (4.8s)
✔ [5658/7061] Built OAI.NumberTheory.DirichletL.Descent.SecondTripleBounds (5.2s)
✔ [5659/7061] Built OAI.NumberTheory.DirichletL.Moments.SecondMaskedWindow (5.6s)
✔ [5660/7061] Built OAI.NumberTheory.DirichletL.Moments.SecondSourceFrequency (5.1s)
✔ [5661/7061] Built OAI.NumberTheory.DirichletL.Hecke.PrimeAmplitudeActual (5.0s)
✔ [5662/7061] Built OAI.NumberTheory.DirichletL.Detector.GramFrequencyConvergence (5.0s)
✔ [5663/7061] Built OAI.NumberTheory.DirichletL.Detector.GramPrefactor (4.7s)
✔ [5664/7061] Built OAI.NumberTheory.DirichletL.Moments.SecondExceptionalKernel (5.0s)
✔ [5665/7061] Built OAI.NumberTheory.DirichletL.Hecke.DetectorAdaptiveCutoff (5.1s)
✔ [5666/7061] Built OAI.NumberTheory.DirichletL.Hecke.InverseAmplificationScale (5.3s)
✔ [5667/7061] Built OAI.NumberTheory.DirichletL.Detector.GramFrequencyMass (5.6s)
✔ [5668/7061] Built OAI.NumberTheory.DirichletL.Detector.HighRowsCentralLower (4.9s)
✔ [5669/7061] Built OAI.NumberTheory.DirichletL.Moments.FiniteProfileExceptionalCapped (5.9s)
✔ [5670/7061] Built OAI.NumberTheory.DirichletL.Moments.CanonicalRetainedSource (9.9s)
✔ [5671/7061] Built OAI.NumberTheory.DirichletL.Inversion.InitialEnergyCallerAllocation (4.0s)
✔ [5672/7061] Built OAI.NumberTheory.DirichletL.Descent.FirstGlobalPush (4.8s)
✔ [5673/7061] Built OAI.NumberTheory.DirichletL.Descent.FirstActualPriorityEnergy (4.0s)
✔ [5674/7061] Built OAI.NumberTheory.DirichletL.Detector.CentralExponent (6.7s)
✔ [5675/7061] Built OAI.NumberTheory.DirichletL.PrimeRows.SelectedAgreement (5.3s)
✔ [5676/7061] Built OAI.NumberTheory.DirichletL.PrimeRows.SelectedBounds (5.3s)
✔ [5677/7061] Built OAI.NumberTheory.DirichletL.Descent.SecondModeParentLists (4.9s)
✔ [5678/7061] Built OAI.NumberTheory.DirichletL.Descent.SecondModeEnergy (4.0s)
✔ [5679/7061] Built OAI.NumberTheory.DirichletL.Descent.FirstUnequalRetainedEnergy (5.6s)
✔ [5680/7061] Built OAI.NumberTheory.DirichletL.Moments.SecondReducedPredicate (4.0s)
✔ [5681/7061] Built OAI.NumberTheory.DirichletL.Reflection.SumEnergy (5.1s)
✔ [5682/7061] Built OAI.NumberTheory.DirichletL.Inversion.ReflectedNormalization (5.4s)
✔ [5683/7061] Built OAI.NumberTheory.DirichletL.Detector.GramWindowGcd (4.9s)
✔ [5684/7061] Built OAI.NumberTheory.DirichletL.Descent.SecondActualMass (5.1s)
✔ [5685/7061] Built OAI.NumberTheory.DirichletL.Moments.SecondRetainedAggregate (4.8s)
✔ [5686/7061] Built OAI.NumberTheory.DirichletL.Moments.SecondActualWidth (5.1s)
✔ [5687/7061] Built OAI.NumberTheory.DirichletL.Hecke.DetectorPhysicalBins (5.1s)
✔ [5688/7061] Built OAI.NumberTheory.DirichletL.Descent.SecondAdmissible (5.3s)
✔ [5689/7061] Built OAI.NumberTheory.DirichletL.Moments.SecondRetainedRows (5.1s)
✔ [5690/7061] Built OAI.NumberTheory.DirichletL.Detector.HighRowsCentralStrictSelected (5.6s)
✔ [5691/7061] Built OAI.NumberTheory.DirichletL.Moments.SecondRadicalBlock (5.5s)
✔ [5692/7061] Built OAI.NumberTheory.DirichletL.Moments.SecondRetainedWidth (5.8s)
✔ [5693/7061] Built OAI.NumberTheory.DirichletL.Detector.GramEnergyNonzero (5.5s)
✔ [5694/7061] Built OAI.NumberTheory.DirichletL.Hecke.InverseAmplificationConjugation (4.8s)
✔ [5695/7061] Built OAI.NumberTheory.DirichletL.Hecke.InverseAmplificationScaleSup (5.1s)
✔ [5696/7061] Built OAI.NumberTheory.DirichletL.PrimeRows.CubePrimeThresholds (4.0s)
✔ [5697/7061] Built OAI.NumberTheory.DirichletL.Moments.FirstAmplificationChoice (14s)
✔ [5698/7061] Built OAI.NumberTheory.DirichletL.Moments.FiniteProfileExceptionalSlots (5.0s)
✔ [5699/7061] Built OAI.NumberTheory.DirichletL.Inversion.InitialEnergyCallerBranch (5.1s)
✔ [5700/7061] Built OAI.NumberTheory.DirichletL.Detector.GramIdealMass (6.5s)
✔ [5701/7061] Built OAI.NumberTheory.DirichletL.Descent.FirstWholeCubePriority (5.3s)
✔ [5702/7061] Built OAI.NumberTheory.DirichletL.Descent.FirstOriginalProfileUniform (5.5s)
✔ [5703/7061] Built OAI.NumberTheory.DirichletL.PrimeRows.MarkedContinuation (5.4s)
✔ [5704/7061] Built OAI.NumberTheory.DirichletL.PrimeRows.SelectedAnalytic (5.4s)
✔ [5705/7061] Built OAI.NumberTheory.DirichletL.PrimeRows.SlotSums (5.5s)
✔ [5706/7061] Built OAI.NumberTheory.DirichletL.PrimeRows.CentralSlots (5.5s)
✔ [5707/7061] Built OAI.NumberTheory.DirichletL.Descent.SecondNormalizedEnergy (5.2s)
✔ [5708/7061] Built OAI.NumberTheory.DirichletL.Moments.NonprincipalGate (5.1s)
✔ [5709/7061] Built OAI.NumberTheory.DirichletL.Descent.SecondModeIntegral (5.4s)
✔ [5710/7061] Built OAI.NumberTheory.DirichletL.Descent.SecondDeletedModeEnergy (5.6s)
✔ [5711/7061] Built OAI.NumberTheory.DirichletL.Descent.FirstHeightBudget (5.2s)
✔ [5712/7061] Built OAI.NumberTheory.DirichletL.Moments.SecondWidthDrop (5.1s)
✔ [5713/7061] Built OAI.NumberTheory.DirichletL.Descent.SecondOriginalMass (5.1s)
✔ [5714/7061] Built OAI.NumberTheory.DirichletL.Hecke.DetectorPhysicalSelection (4.9s)
✔ [5715/7061] Built OAI.NumberTheory.DirichletL.Reflection.NormalizedEnergy (5.6s)
✔ [5716/7061] Built OAI.NumberTheory.DirichletL.Descent.FirstGlobalSourceIndex (7.1s)
✔ [5717/7061] Built OAI.NumberTheory.DirichletL.Moments.SecondActiveDyadic (5.5s)
✔ [5718/7061] Built OAI.NumberTheory.DirichletL.Reflection.SumMeasure (5.9s)
✔ [5719/7061] Built OAI.NumberTheory.DirichletL.Descent.SecondSharpPuncture (5.7s)
✔ [5720/7061] Built OAI.NumberTheory.DirichletL.Detector.GramCommonEnergy (5.4s)
✔ [5721/7061] Built OAI.NumberTheory.DirichletL.Moments.SecondPhysicalBlock (5.6s)
✔ [5722/7061] Built OAI.NumberTheory.DirichletL.Moments.SecondSquarefreeBlock (5.9s)
✔ [5723/7061] Built OAI.NumberTheory.DirichletL.Hecke.DetectorCoefficientTransfer (4.7s)
✔ [5724/7061] Built OAI.NumberTheory.DirichletL.Hecke.InverseAmplificationAggregate (5.7s)
✔ [5725/7061] Built OAI.NumberTheory.DirichletL.Moments.ScaleSupremum (5.9s)
✔ [5726/7061] Built OAI.NumberTheory.DirichletL.Moments.ActiveCanonicalSource (10s)
✔ [5727/7061] Built OAI.NumberTheory.DirichletL.Moments.ReflectedProfileMeasure (6.3s)
✔ [5728/7061] Built OAI.NumberTheory.DirichletL.Moments.AmplifiedRetainedRadius (6.2s)
✔ [5729/7061] Built OAI.NumberTheory.DirichletL.Moments.FiniteProfileExceptionalAllocated (5.2s)
✔ [5730/7061] Built OAI.NumberTheory.DirichletL.Moments.FirstPhysicalSourceOriginalData (6.5s)
✔ [5731/7061] Built OAI.NumberTheory.DirichletL.PrimeRows.CentralNormalized (5.3s)
✔ [5732/7061] Built OAI.NumberTheory.DirichletL.Inversion.InitialEnergyCallerAllSlots (5.7s)
✔ [5733/7061] Built OAI.NumberTheory.DirichletL.Descent.SecondOriginalBound (4.0s)
✔ [5734/7061] Built OAI.NumberTheory.DirichletL.PrimeRows.SelectedHolomorphic (5.6s)
✔ [5735/7061] Built OAI.NumberTheory.DirichletL.Hecke.DetectorFiberSpikes (4.7s)
✔ [5736/7061] Built OAI.NumberTheory.DirichletL.Descent.SecondBalancedPhysical (5.3s)
✔ [5737/7061] Built OAI.NumberTheory.DirichletL.Moments.RayNonprincipal (5.5s)
✔ [5738/7061] Built OAI.NumberTheory.DirichletL.Descent.SecondDeletedOriginalBound (5.1s)
✔ [5739/7061] Built OAI.NumberTheory.DirichletL.Descent.FirstOriginalProfileFiltered (5.9s)
✔ [5740/7061] Built OAI.NumberTheory.DirichletL.Descent.SecondVaryingPhysical (5.5s)
✔ [5741/7061] Built OAI.NumberTheory.DirichletL.PrimeRows.TupleSums (6.1s)
✔ [5742/7061] Built OAI.NumberTheory.DirichletL.Reflection.Denominator (5.0s)
✔ [5743/7061] Built OAI.NumberTheory.DirichletL.Moments.NaturalRowSourceFamily (5.8s)
✔ [5744/7061] Built OAI.NumberTheory.DirichletL.Descent.FirstGlobalSourcePhysical (5.1s)
✔ [5745/7061] Built OAI.NumberTheory.DirichletL.Descent.WholePriorityPrincipal (6.7s)
✔ [5746/7061] Built OAI.NumberTheory.DirichletL.Detector.GramSourceDivisors (5.2s)
✔ [5747/7061] Built OAI.NumberTheory.DirichletL.Descent.SourceDepth (5.3s)
✔ [5748/7061] Built OAI.NumberTheory.DirichletL.Moments.SecondPhysicalCost (5.2s)
✔ [5749/7061] Built OAI.NumberTheory.DirichletL.Moments.SecondBlockSupport (5.1s)
✔ [5750/7061] Built OAI.NumberTheory.DirichletL.Moments.SecondActivePhysicalDictionary (5.4s)
✔ [5751/7061] Built OAI.NumberTheory.DirichletL.Moments.SecondHarmonicBudget (4.9s)
✔ [5752/7061] Built OAI.NumberTheory.DirichletL.Moments.SecondBlockAggregate (5.9s)
✔ [5753/7061] Built OAI.NumberTheory.DirichletL.Reflection.UniformSieve (6.3s)
✔ [5754/7061] Built OAI.NumberTheory.DirichletL.PrimeRows.Moments (4.7s)
✔ [5755/7061] Built OAI.NumberTheory.DirichletL.Hecke.InverseAmplificationPrimePool (4.0s)
✔ [5756/7061] Built OAI.NumberTheory.DirichletL.Moments.ReflectedPairEnergy (5.0s)
✔ [5757/7061] Built OAI.NumberTheory.DirichletL.Inversion.InitialDetectorSource (5.9s)
✔ [5758/7061] Built OAI.NumberTheory.DirichletL.Moments.CommonRadialData (4.0s)
✔ [5759/7061] Built OAI.NumberTheory.DirichletL.Moments.FirstPhysicalSourceOriginalColumn (4.9s)
✔ [5760/7061] Built OAI.NumberTheory.DirichletL.Moments.FrequencyScaleSupremum (5.5s)
✔ [5761/7061] Built OAI.NumberTheory.DirichletL.Inversion.InitialEnergyCallerUnits (5.1s)
✔ [5762/7061] Built OAI.NumberTheory.DirichletL.Moments.PrimeSlot (5.2s)
✔ [5763/7061] Built OAI.NumberTheory.DirichletL.Moments.NaturalRowSourceDictionary (4.8s)
✔ [5764/7061] Built OAI.NumberTheory.DirichletL.Descent.SecondAllModes (5.4s)
✔ [5765/7061] Built OAI.NumberTheory.DirichletL.Descent.SecondDeletedAllModes (5.3s)
✔ [5766/7061] Built OAI.NumberTheory.DirichletL.Descent.PrincipalSelectorMass (4.6s)
✔ [5767/7061] Built OAI.NumberTheory.DirichletL.Descent.FirstGlobalSourceEnergy (4.7s)
✔ [5768/7061] Built OAI.NumberTheory.DirichletL.PrimeRows.MarkedHolomorphic (5.6s)
✔ [5769/7061] Built OAI.NumberTheory.DirichletL.PrimeRows.SelectedFirst (5.7s)
✔ [5770/7061] Built OAI.NumberTheory.DirichletL.Moments.FirstAllocationGaussEnergy (5.0s)
✔ [5771/7061] Built OAI.NumberTheory.DirichletL.Hecke.DetectorFiberEnergy (5.7s)
✔ [5772/7061] Built OAI.NumberTheory.DirichletL.Reflection.KernelGeometry (5.3s)
✔ [5773/7061] Built OAI.NumberTheory.DirichletL.Detector.HighRowsCentralRamifiedQuotient (15s)
✔ [5774/7061] Built OAI.NumberTheory.DirichletL.Moments.CommonRadiusSaving (6.9s)
✔ [5775/7061] Built OAI.NumberTheory.DirichletL.Detector.GramTruncation (4.9s)
✔ [5776/7061] Built OAI.NumberTheory.DirichletL.Moments.SecondLiveBlock (4.8s)
✔ [5777/7061] Built OAI.NumberTheory.DirichletL.Moments.SecondSummedBlock (5.2s)
✔ [5778/7061] Built OAI.NumberTheory.DirichletL.Descent.FirstOriginalProfilePhysical (6.9s)
✔ [5779/7061] Built OAI.NumberTheory.DirichletL.Moments.SourceLowerSupport (5.8s)
✔ [5780/7061] Built OAI.NumberTheory.DirichletL.Moments.SecondBlockCount (5.8s)
✔ [5781/7061] Built OAI.NumberTheory.DirichletL.Moments.AmplificationRadicalFamily (15s)
✔ [5782/7061] Built OAI.NumberTheory.DirichletL.Moments.ReflectedUniformPair (5.3s)
✔ [5783/7061] Built OAI.NumberTheory.DirichletL.Moments.OriginalCommonHarmonic (5.2s)
✔ [5784/7061] Built OAI.NumberTheory.DirichletL.Inversion.InitialMarkedDictionary (5.2s)
✔ [5785/7061] Built OAI.NumberTheory.DirichletL.Moments.CommonRadialSource (5.2s)
✔ [5786/7061] Built OAI.NumberTheory.DirichletL.Moments.FirstPhysicalSourceCanonicalData (4.9s)
✔ [5787/7061] Built OAI.NumberTheory.DirichletL.Hecke.InverseAmplificationBudget (6.0s)
✔ [5788/7061] Built OAI.NumberTheory.DirichletL.Moments.RadialPolynomialEnergy (4.8s)
✔ [5789/7061] Built OAI.NumberTheory.DirichletL.Moments.FirstPhysicalSourceWindow (5.2s)
✔ [5790/7061] Built OAI.NumberTheory.DirichletL.Inversion.InitialEnergyCallerRays (5.1s)
✔ [5791/7061] Built OAI.NumberTheory.DirichletL.Moments.PrimeSlotShift (4.8s)
✔ [5792/7061] Built OAI.NumberTheory.DirichletL.Moments.PrimeSlotBound (4.8s)
✔ [5793/7061] Built OAI.NumberTheory.DirichletL.Descent.SecondAllIntegral (4.9s)
✔ [5794/7061] Built OAI.NumberTheory.DirichletL.PrimeRows.TupleFactor (4.6s)
✔ [5795/7061] Built OAI.NumberTheory.DirichletL.PrimeRows.PrincipalMask (4.7s)
✔ [5796/7061] Built OAI.NumberTheory.DirichletL.Reflection.KernelSeparation (4.7s)
✔ [5797/7061] Built OAI.NumberTheory.DirichletL.Descent.SecondDeletedAllIntegral (5.0s)
✔ [5798/7061] Built OAI.NumberTheory.DirichletL.Moments.CommonRadialCost (6.7s)
✔ [5799/7061] Built OAI.NumberTheory.DirichletL.Hecke.DetectorInverseFiberCount (4.0s)
✔ [5800/7061] Built OAI.NumberTheory.DirichletL.Detector.GramSourceEstimate (4.9s)
✔ [5801/7061] Built OAI.NumberTheory.DirichletL.PrimeRows.CentralRamified (5.3s)
✔ [5802/7061] Built OAI.NumberTheory.DirichletL.Moments.SecondDyadicRowSupport (4.5s)
✔ [5803/7061] Built OAI.NumberTheory.DirichletL.PrimeRows.SelectedFirstBounds (5.7s)
✔ [5804/7061] Built OAI.NumberTheory.DirichletL.Moments.SecondLiveFamily (4.6s)
✔ [5805/7061] Built OAI.NumberTheory.DirichletL.Moments.CommonMaskEnergy (6.1s)
✔ [5806/7061] Built OAI.NumberTheory.DirichletL.Moments.SourceDyadicShell (4.6s)
✔ [5807/7061] Built OAI.NumberTheory.DirichletL.Moments.SecondEnergySplit (5.2s)
✔ [5808/7061] Built OAI.NumberTheory.DirichletL.Moments.OneReflectionEnergy (4.6s)
✔ [5809/7061] Built OAI.NumberTheory.DirichletL.Hecke.InverseAmplificationPowers (4.4s)
✔ [5810/7061] Built OAI.NumberTheory.DirichletL.Moments.AmplificationRadicalChoice (5.4s)
✔ [5811/7061] Built OAI.NumberTheory.DirichletL.Moments.SecondBlockHarmonicMass (4.0s)
✔ [5812/7061] Built OAI.NumberTheory.DirichletL.Moments.FirstPhysicalSourceWindowColumns (4.8s)
✔ [5813/7061] Built OAI.NumberTheory.DirichletL.Inversion.InitialEnergyCallerIntegral (4.7s)
✔ [5814/7061] Built OAI.NumberTheory.DirichletL.PrimeRows.WeightedTuple (4.6s)
✔ [5815/7061] Built OAI.NumberTheory.DirichletL.Moments.PrimeSlotUniform (4.8s)
✔ [5816/7061] Built OAI.NumberTheory.DirichletL.Descent.SecondPhysicalEnergy (4.8s)
✔ [5817/7061] Built OAI.NumberTheory.DirichletL.Reflection.KernelWeights (4.7s)
✔ [5818/7061] Built OAI.NumberTheory.DirichletL.PrimeRows.TupleBound (5.1s)
✔ [5819/7061] Built OAI.NumberTheory.DirichletL.Descent.SecondDeletedPhysicalEnergy (4.9s)
✔ [5820/7061] Built OAI.NumberTheory.DirichletL.Hecke.DetectorPlainFiberCount (4.6s)
✔ [5821/7061] Built OAI.NumberTheory.DirichletL.Inversion.InitialPhysicalSlots (6.4s)
✔ [5822/7061] Built OAI.NumberTheory.DirichletL.Detector.GramInfiniteEstimate (4.5s)
✔ [5823/7061] Built OAI.NumberTheory.DirichletL.Moments.CommonRadialPointwise (5.0s)
✔ [5824/7061] Built OAI.NumberTheory.DirichletL.PrimeRows.NonprincipalContour (5.6s)
✔ [5825/7061] Built OAI.NumberTheory.DirichletL.Moments.CommonMaskChildCapacity (4.6s)
✔ [5826/7061] Built OAI.NumberTheory.DirichletL.PrimeRows.TupleGrowth (5.8s)
✔ [5827/7061] Built OAI.NumberTheory.DirichletL.Moments.SourceBlockWindows (4.4s)
✔ [5828/7061] Built OAI.NumberTheory.DirichletL.PrimeRows.FirstWGrowth (5.4s)
✔ [5829/7061] Built OAI.NumberTheory.DirichletL.Moments.AllocatedNaturalSource (5.7s)
✔ [5830/7061] Built OAI.NumberTheory.DirichletL.Moments.FirstPhysicalDyadicAssembly (8.1s)
✔ [5831/7061] Built OAI.NumberTheory.DirichletL.PrimeRows.CentralSplit (6.5s)
✔ [5832/7061] Built OAI.NumberTheory.DirichletL.Moments.ReflectedNormalization (4.2s)
✔ [5833/7061] Built OAI.NumberTheory.DirichletL.Hecke.InverseAmplificationRaw (4.1s)
✔ [5834/7061] Built OAI.NumberTheory.DirichletL.Moments.AmplificationChildInput (14s)
✔ [5835/7061] Built OAI.NumberTheory.DirichletL.Moments.SecondBlockRadicalHarmonicMass (5.0s)
✔ [5836/7061] Built OAI.NumberTheory.DirichletL.Moments.FirstPhysicalSourceWindowCanonical (4.9s)
✔ [5837/7061] Built OAI.NumberTheory.DirichletL.Reflection.KernelIntegral (4.5s)
✔ [5838/7061] Built OAI.NumberTheory.DirichletL.Moments.PrimeSlotExternal (4.9s)
✔ [5839/7061] Built OAI.NumberTheory.DirichletL.Inversion.InitialEnergyCallerPhysical (5.3s)
✔ [5840/7061] Built OAI.NumberTheory.DirichletL.Descent.SecondPhysicalRecursive (4.9s)
✔ [5841/7061] Built OAI.NumberTheory.DirichletL.Hecke.DetectorNoSlotPlainCount (4.6s)
✔ [5842/7061] Built OAI.NumberTheory.DirichletL.PrimeRows.Measurable (5.4s)
✔ [5843/7061] Built OAI.NumberTheory.DirichletL.Detector.GramScaleLoss (4.6s)
✔ [5844/7061] Built OAI.NumberTheory.DirichletL.Descent.SecondDeletedPhysicalRecursive (4.9s)
✔ [5845/7061] Built OAI.NumberTheory.DirichletL.Moments.CommonHeightEnvelope (4.9s)
✔ [5846/7061] Built OAI.NumberTheory.DirichletL.PrimeRows.NonprincipalBoundary (5.3s)
✔ [5847/7061] Built OAI.NumberTheory.DirichletL.Moments.FirstMaskedFamily (7.2s)
✔ [5848/7061] Built OAI.NumberTheory.DirichletL.PrimeRows.ZContour (5.7s)
✔ [5849/7061] Built OAI.NumberTheory.DirichletL.PrimeRows.BufferedContour (5.9s)
✔ [5850/7061] Built OAI.NumberTheory.DirichletL.PrimeRows.ZGrowth (5.5s)
✔ [5851/7061] Built OAI.NumberTheory.DirichletL.PrimeRows.ScalarGrowth (6.2s)
✔ [5852/7061] Built OAI.NumberTheory.DirichletL.Moments.FirstRetainedPhysical (5.5s)
✔ [5853/7061] Built OAI.NumberTheory.DirichletL.PrimeRows.FirstJoint (5.0s)
✔ [5854/7061] Built OAI.NumberTheory.DirichletL.Moments.OneReflectionScaleEnergy (5.2s)
✔ [5855/7061] Built OAI.NumberTheory.DirichletL.Moments.OriginalReflectionApproximation (5.7s)
✔ [5856/7061] Built OAI.NumberTheory.DirichletL.Moments.FirstPhysicalDyadicRows (6.1s)
✔ [5857/7061] Built OAI.NumberTheory.DirichletL.PrimeRows.CoarseUniform (6.8s)
✔ [5858/7061] Built OAI.NumberTheory.DirichletL.PrimeRows.WGrowth (7.6s)
✔ [5859/7061] Built OAI.NumberTheory.DirichletL.Moments.FirstPhysicalSourceAllocationControl (5.2s)
✔ [5860/7061] Built OAI.NumberTheory.DirichletL.Detector.CentralRepeatedChoices (6.2s)
✔ [5861/7061] Built OAI.NumberTheory.DirichletL.Moments.SourceInputReindex (5.5s)
✔ [5862/7061] Built OAI.NumberTheory.DirichletL.Hecke.InverseAmplificationEndpoint (6.0s)
✔ [5863/7061] Built OAI.NumberTheory.DirichletL.PrimeRows.CentralSlotSum (6.7s)
✔ [5864/7061] Built OAI.NumberTheory.DirichletL.Moments.FirstInactiveRadicalMass (5.0s)
✔ [5865/7061] Built OAI.NumberTheory.DirichletL.Reflection.KernelSource (4.6s)
✔ [5866/7061] Built OAI.NumberTheory.DirichletL.Moments.SecondPhysicalLedger (8.3s)
✔ [5867/7061] Built OAI.NumberTheory.DirichletL.Inversion.InitialEnergyCallerClipping (4.8s)
✔ [5868/7061] Built OAI.NumberTheory.DirichletL.Moments.FirstPhysicalSourceWindowEnergy (5.2s)
✔ [5869/7061] Built OAI.NumberTheory.DirichletL.Descent.SecondSourceAttachment (5.1s)
✔ [5870/7061] Built OAI.NumberTheory.DirichletL.Descent.SecondDeletedMovingEnergy (5.6s)
✔ [5871/7061] Built OAI.NumberTheory.DirichletL.Moments.SlotClassTransport (4.9s)
✔ [5872/7061] Built OAI.NumberTheory.DirichletL.Moments.SecondOriginalChildren (5.0s)
✔ [5873/7061] Built OAI.NumberTheory.DirichletL.Moments.CommonLiveFrozen (5.0s)
✔ [5874/7061] Built OAI.NumberTheory.DirichletL.PrimeRows.DetectorZeros (5.0s)
✔ [5875/7061] Built OAI.NumberTheory.DirichletL.PrimeRows.FirstWShift (5.5s)
✔ [5876/7061] Built OAI.NumberTheory.DirichletL.Moments.AmplificationChildSourceCaps (8.2s)
✔ [5877/7061] Built OAI.NumberTheory.DirichletL.Moments.ActualLiveSlotRemoval (7.7s)
✔ [5878/7061] Built OAI.NumberTheory.DirichletL.PrimeRows.ZBoundary (5.4s)
✔ [5879/7061] Built OAI.NumberTheory.DirichletL.Moments.ReflectedChoiceEnergy (4.9s)
✔ [5880/7061] Built OAI.NumberTheory.DirichletL.PrimeRows.XGrowth (5.5s)
✔ [5881/7061] Built OAI.NumberTheory.DirichletL.Moments.FirstAmplifiedRadiusLower (4.5s)
✔ [5882/7061] Built OAI.NumberTheory.DirichletL.Moments.RetainedWeightedSource (4.0s)
✔ [5883/7061] Built OAI.NumberTheory.DirichletL.Hecke.InverseAmplificationProfiles (4.4s)
✔ [5884/7061] Built OAI.NumberTheory.DirichletL.Moments.FirstRetainedBlock (6.0s)
✔ [5885/7061] Built OAI.NumberTheory.DirichletL.PrimeRows.NonprincipalShift (5.0s)
✔ [5886/7061] Built OAI.NumberTheory.DirichletL.PrimeRows.CentralProduct (11s)
✔ [5887/7061] Built OAI.NumberTheory.DirichletL.Moments.OriginalReflectionEnergy (5.5s)
✔ [5888/7061] Built OAI.NumberTheory.DirichletL.PrimeRows.PhysicalBound (6.4s)
✔ [5889/7061] Built OAI.NumberTheory.DirichletL.Reflection.KernelActual (4.7s)
✔ [5890/7061] Built OAI.NumberTheory.DirichletL.Moments.FirstPhysicalSourcePresentation (4.4s)
✔ [5891/7061] Built OAI.NumberTheory.DirichletL.Moments.FirstPhysicalSourceDyadicWindowEnergy (4.4s)
✔ [5892/7061] Built OAI.NumberTheory.DirichletL.Moments.FirstActiveRadicalBudget (4.0s)
✔ [5893/7061] Built OAI.NumberTheory.DirichletL.Descent.SecondParentAssembly (4.4s)
✔ [5894/7061] Built OAI.NumberTheory.DirichletL.Descent.SecondParentInput (4.5s)
✔ [5895/7061] Built OAI.NumberTheory.DirichletL.Descent.SecondVariableCutoff (5.3s)
✔ [5896/7061] Built OAI.NumberTheory.DirichletL.Descent.SecondDeletedMovingEnergyUniform (4.9s)
✔ [5897/7061] Built OAI.NumberTheory.DirichletL.Descent.SecondDeletedMovingMass (5.0s)
✔ [5898/7061] Built OAI.NumberTheory.DirichletL.Moments.CommonLiveHeight (4.3s)
✔ [5899/7061] Built OAI.NumberTheory.DirichletL.Moments.FirstMaskedInput (9.5s)
✔ [5900/7061] Built OAI.NumberTheory.DirichletL.PrimeRows.DetectorBins (4.5s)
✔ [5901/7061] Built OAI.NumberTheory.DirichletL.Detector.GramBound (11s)
✔ [5902/7061] Built OAI.NumberTheory.DirichletL.Moments.LiveCapacity (3.0s)
✔ [5903/7061] Built OAI.NumberTheory.DirichletL.PrimeRows.ZShift (4.5s)
✔ [5904/7061] Built OAI.NumberTheory.DirichletL.Moments.RetainedComparisonEnergy (4.4s)
✔ [5905/7061] Built OAI.NumberTheory.DirichletL.Moments.DetectorDictionary (4.5s)
✔ [5906/7061] Built OAI.NumberTheory.DirichletL.PrimeRows.XBoundary (5.1s)
✔ [5907/7061] Built OAI.NumberTheory.DirichletL.PrimeRows.CentralExpansion (4.5s)
✔ [5908/7061] Built OAI.NumberTheory.DirichletL.Moments.FirstRetainedAssembly (4.5s)
✔ [5909/7061] Built OAI.NumberTheory.DirichletL.Reflection.KernelBaseline (4.1s)
✔ [5910/7061] Built OAI.NumberTheory.DirichletL.PrimeRows.IteratedShift (4.7s)
✔ [5911/7061] Built OAI.NumberTheory.DirichletL.Reflection.RamifiedWidth (4.2s)
✔ [5912/7061] Built OAI.NumberTheory.DirichletL.Hecke.InverseAmplificationRowwise (5.1s)
✔ [5913/7061] Built OAI.NumberTheory.DirichletL.PrimeRows.RowCount (4.6s)
✔ [5914/7061] Built OAI.NumberTheory.DirichletL.Reflection.KernelActualSource (4.6s)
✔ [5915/7061] Built OAI.NumberTheory.DirichletL.Descent.SecondFreshTruncation (4.2s)
✔ [5916/7061] Built OAI.NumberTheory.DirichletL.Moments.FirstPhysicalSourceFixedFamily (4.8s)
✔ [5917/7061] Built OAI.NumberTheory.DirichletL.Moments.OriginalReflectionErrorMass (5.2s)
✔ [5918/7061] Built OAI.NumberTheory.DirichletL.Descent.SecondCenterSector (4.3s)
✔ [5919/7061] Built OAI.NumberTheory.DirichletL.Inversion.FirstPriorityParents (5.5s)
✔ [5920/7061] Built OAI.NumberTheory.DirichletL.Descent.PhysicalBlockBudget (4.5s)
✔ [5921/7061] Built OAI.NumberTheory.DirichletL.Detector.LowGramApplied (4.6s)
✔ [5922/7061] Built OAI.NumberTheory.DirichletL.Inversion.SecondChildWindows (5.3s)
✔ [5923/7061] Built OAI.NumberTheory.DirichletL.Descent.SecondDeletedMovingMassUniform (5.2s)
✔ [5924/7061] Built OAI.NumberTheory.DirichletL.PrimeRows.BufferedBin (4.9s)
✔ [5925/7061] Built OAI.NumberTheory.DirichletL.Moments.AllocatedChildCapacity (5.4s)
✔ [5926/7061] Built OAI.NumberTheory.DirichletL.Energy.ReferenceDeletionBudget (5.6s)
✔ [5927/7061] Built OAI.NumberTheory.DirichletL.Moments.FirstPhysicalDyadicCount (20s)
✔ [5928/7061] Built OAI.NumberTheory.DirichletL.Moments.NaturalRetainedEnergy (4.8s)
✔ [5929/7061] Built OAI.NumberTheory.DirichletL.PrimeRows.XShift (4.8s)
✔ [5930/7061] Built OAI.NumberTheory.DirichletL.PrimeRows.DiskControl (6.4s)
✔ [5931/7061] Built OAI.NumberTheory.DirichletL.Moments.DetectorDictionaryProfiles (4.2s)
✔ [5932/7061] Built OAI.NumberTheory.DirichletL.Moments.DetectorDictionarySupport (4.8s)
✔ [5933/7061] Built OAI.NumberTheory.DirichletL.Reflection.CrudeCoefficient (4.6s)
✔ [5934/7061] Built OAI.NumberTheory.DirichletL.Moments.FirstRetainedNorm (4.8s)
✔ [5935/7061] Built OAI.NumberTheory.DirichletL.Reflection.CoprimeSource (4.3s)
✔ [5936/7061] Built OAI.NumberTheory.DirichletL.Detector.CentralBranchProduct (4.8s)
✔ [5937/7061] Built OAI.NumberTheory.DirichletL.Descent.SecondParentRadial (4.5s)
✔ [5938/7061] Built OAI.NumberTheory.DirichletL.Moments.DetectorDictionarySlots (5.4s)
✔ [5939/7061] Built OAI.NumberTheory.DirichletL.Hecke.DetectorNoSlotInverseCount (4.7s)
✔ [5940/7061] Built OAI.NumberTheory.DirichletL.Reflection.RawTail (5.3s)
✔ [5941/7061] Built OAI.NumberTheory.DirichletL.Descent.SecondCanonicalTail (4.0s)
✔ [5942/7061] Built OAI.NumberTheory.DirichletL.PrimeRows.DyadBound (5.3s)
✔ [5943/7061] Built OAI.NumberTheory.DirichletL.Moments.PlainGlobalEnergy (6.1s)
✔ [5944/7061] Built OAI.NumberTheory.DirichletL.Descent.GlobalPrincipalMass (4.7s)
✔ [5945/7061] Built OAI.NumberTheory.DirichletL.Moments.FirstSourceConductorCaps (5.6s)
✔ [5946/7061] Built OAI.NumberTheory.DirichletL.Descent.WholePriorityParents (4.8s)
✔ [5947/7061] Built OAI.NumberTheory.DirichletL.Detector.LowGramScale (4.6s)
✔ [5948/7061] Built OAI.NumberTheory.DirichletL.Inversion.InitialOverlapFresh (4.5s)
✔ [5949/7061] Built OAI.NumberTheory.DirichletL.Descent.FirstChildWindows (4.7s)
✔ [5950/7061] Built OAI.NumberTheory.DirichletL.Dictionary.InverseRawRadial (4.7s)
✔ [5951/7061] Built OAI.NumberTheory.DirichletL.Descent.ClippedFourier (4.8s)
✔ [5952/7061] Built OAI.NumberTheory.DirichletL.Descent.SecondBlockEnergyWindowOrder (4.0s)
✔ [5953/7061] Built OAI.NumberTheory.DirichletL.Detector.LowGramIntegrated (5.2s)
✔ [5954/7061] Built OAI.NumberTheory.DirichletL.Descent.SecondBlockEnergy (5.1s)
✔ [5955/7061] Built OAI.NumberTheory.DirichletL.Moments.FirstSecondCapacityLedger (4.8s)
✔ [5956/7061] Built OAI.NumberTheory.DirichletL.Moments.OriginalComparisonEnergy (4.6s)
✔ [5957/7061] Built OAI.NumberTheory.DirichletL.Descent.SecondFullSource (4.3s)
✔ [5958/7061] Built OAI.NumberTheory.DirichletL.Moments.DetectorDictionaryRelativeSlots (4.4s)
✔ [5959/7061] Built OAI.NumberTheory.DirichletL.Moments.DetectorDictionaryUniform (5.1s)
✔ [5960/7061] Built OAI.NumberTheory.DirichletL.Reflection.PhysicalIntegral (4.8s)
✔ [5961/7061] Built OAI.NumberTheory.DirichletL.Hecke.DetectorRawFiber (4.8s)
✔ [5962/7061] Built OAI.NumberTheory.DirichletL.Reflection.RawCoefficient (4.6s)
✔ [5963/7061] Built OAI.NumberTheory.DirichletL.PrimeRows.CentralCosts (5.3s)
✔ [5964/7061] Built OAI.NumberTheory.DirichletL.Descent.SecondSourceSize (4.4s)
✔ [5965/7061] Built OAI.NumberTheory.DirichletL.PrimeRows.BufferedGrowth (5.0s)
✔ [5966/7061] Built OAI.NumberTheory.DirichletL.Moments.PlainPositiveScale (4.7s)
✔ [5967/7061] Built OAI.NumberTheory.DirichletL.Moments.NaturalCoreFloor (4.7s)
✔ [5968/7061] Built OAI.NumberTheory.DirichletL.PrimeRows.DyadIntegral (4.9s)
✔ [5969/7061] Built OAI.NumberTheory.DirichletL.PrimeRows.BufferedHeightGrowth (6.3s)
✔ [5970/7061] Built OAI.NumberTheory.DirichletL.Detector.RowReflectedAllocation (6.3s)
✔ [5971/7061] Built OAI.NumberTheory.DirichletL.Inversion.InitialOverlapSource (4.0s)
✔ [5972/7061] Built OAI.NumberTheory.DirichletL.Inversion.InitialUniformFresh (4.2s)
✔ [5973/7061] Built OAI.NumberTheory.DirichletL.Descent.GlobalPrincipalMassCount (5.5s)
✔ [5974/7061] Built OAI.NumberTheory.DirichletL.Descent.FirstChildWindowsActual (4.2s)
✔ [5975/7061] Built OAI.NumberTheory.DirichletL.Dictionary.InverseRawRealRadial (4.2s)
✔ [5976/7061] Built OAI.NumberTheory.DirichletL.Detector.LowTupleGram (4.5s)
✔ [5977/7061] Built OAI.NumberTheory.DirichletL.Descent.ClippedEnergy (4.7s)
✔ [5978/7061] Built OAI.NumberTheory.DirichletL.Descent.SecondBlockEnergyWindowOrderUniform (4.6s)
✔ [5979/7061] Built OAI.NumberTheory.DirichletL.Moments.FirstSecondCapacityShift (4.6s)
✔ [5980/7061] Built OAI.NumberTheory.DirichletL.Moments.OriginalRadialComparison (4.6s)
✔ [5981/7061] Built OAI.NumberTheory.DirichletL.Moments.DetectorDictionaryUniformLog (4.0s)
✔ [5982/7061] Built OAI.NumberTheory.DirichletL.Moments.NaturalFixedRaySourceCharacters (4.2s)
✔ [5983/7061] Built OAI.NumberTheory.DirichletL.Reflection.PhysicalBranchMeasure (4.1s)
✔ [5984/7061] Built OAI.NumberTheory.DirichletL.Reflection.FullRaw (4.1s)
✔ [5985/7061] Built OAI.NumberTheory.DirichletL.Hecke.DetectorFiberPartition (4.3s)
✔ [5986/7061] Built OAI.NumberTheory.DirichletL.Hecke.DetectorRawBranches (4.3s)
✔ [5987/7061] Built OAI.NumberTheory.DirichletL.Descent.SecondTailAbsorption (4.5s)
✔ [5988/7061] Built OAI.NumberTheory.DirichletL.Dictionary.InverseRawFiberSource (4.6s)
✔ [5989/7061] Built OAI.NumberTheory.DirichletL.PrimeRows.TailScales (4.0s)
✔ [5990/7061] Built OAI.NumberTheory.DirichletL.Inversion.PrioritySecondSource (5.3s)
✔ [5991/7061] Built OAI.NumberTheory.DirichletL.Inversion.InitialCommonCutoff (4.1s)
✔ [5992/7061] Built OAI.NumberTheory.DirichletL.PrimeRows.FixedIntegral (4.0s)
✔ [5993/7061] Built OAI.NumberTheory.DirichletL.Detector.CentralRepeatedProduct (5.0s)
✔ [5994/7061] Built OAI.NumberTheory.DirichletL.Descent.GlobalPrincipalMassWeighted (4.0s)
✔ [5995/7061] Built OAI.NumberTheory.DirichletL.Detector.LowSourceScales (4.2s)
✔ [5996/7061] Built OAI.NumberTheory.DirichletL.Descent.ClippedUniform (4.3s)
✔ [5997/7061] Built OAI.NumberTheory.DirichletL.Dictionary.InverseRawFourier (4.4s)
✔ [5998/7061] Built OAI.NumberTheory.DirichletL.Moments.FirstSecondCapacityDefect (4.7s)
✔ [5999/7061] Built OAI.NumberTheory.DirichletL.Moments.NaturalFixedRaySourceInternal (4.2s)
✔ [6000/7061] Built OAI.NumberTheory.DirichletL.Moments.DetectorDictionaryUniformHeight (4.3s)
✔ [6001/7061] Built OAI.NumberTheory.DirichletL.Reflection.KernelAdmissible (4.3s)
✔ [6002/7061] Built OAI.NumberTheory.DirichletL.Moments.NaturalFixedRaySourceSlots (4.5s)
✔ [6003/7061] Built OAI.NumberTheory.DirichletL.PrimeRows.CoarsePhysical (7.4s)
✔ [6004/7061] Built OAI.NumberTheory.DirichletL.Moments.PlainPositiveEnergy (4.9s)
✔ [6005/7061] Built OAI.NumberTheory.DirichletL.Moments.OriginalRadialTail (4.9s)
✔ [6006/7061] Built OAI.NumberTheory.DirichletL.Reflection.UniformMeasure (4.9s)
✔ [6007/7061] Built OAI.NumberTheory.DirichletL.Hecke.DetectorAmplitudeFirst (4.4s)
✔ [6008/7061] Built OAI.NumberTheory.DirichletL.Reflection.FullDyadic (4.7s)
✔ [6009/7061] Built OAI.NumberTheory.DirichletL.Descent.SecondRapidTail (4.5s)
✔ [6010/7061] Built OAI.NumberTheory.DirichletL.Hecke.DetectorBatch (4.8s)
✔ [6011/7061] Built OAI.NumberTheory.DirichletL.Descent.WholePriorityPhysical (4.5s)
✔ [6012/7061] Built OAI.NumberTheory.DirichletL.PrimeRows.SmallDyad (4.6s)
✔ [6013/7061] Built OAI.NumberTheory.DirichletL.Dictionary.InverseMarkedPadding (4.0s)
✔ [6014/7061] Built OAI.NumberTheory.DirichletL.Descent.GlobalPriorityTailMass (4.2s)
✔ [6015/7061] Built OAI.NumberTheory.DirichletL.Hecke.DetectorCountFromMoments (5.0s)
✔ [6016/7061] Built OAI.NumberTheory.DirichletL.Descent.GlobalPrincipalMassSource (4.4s)
✔ [6017/7061] Built OAI.NumberTheory.DirichletL.PrimeRows.WZTransport (4.8s)
✔ [6018/7061] Built OAI.NumberTheory.DirichletL.Detector.LowSlotScales (4.3s)
✔ [6019/7061] Built OAI.NumberTheory.DirichletL.Inversion.InitialCommonTransform (5.4s)
✔ [6020/7061] Built OAI.NumberTheory.DirichletL.Inversion.InitialEnergyCallerUniform (4.4s)
✔ [6021/7061] Built OAI.NumberTheory.DirichletL.Detector.CentralRepeatedSum (5.6s)
✔ [6022/7061] Built OAI.NumberTheory.DirichletL.Dictionary.InverseRawEnergy (4.6s)
✔ [6023/7061] Built OAI.NumberTheory.DirichletL.Dictionary.InverseUniformLog (4.3s)
✔ [6024/7061] Built OAI.NumberTheory.DirichletL.Moments.DetectorDictionaryUniformTests (4.4s)
✔ [6025/7061] Built OAI.NumberTheory.DirichletL.Moments.FirstSecondPaidLedger (4.7s)
✔ [6026/7061] Built OAI.NumberTheory.DirichletL.Moments.FirstSecondLossParameters (4.7s)
✔ [6027/7061] Built OAI.NumberTheory.DirichletL.Moments.NaturalFixedRaySourceProduct (4.4s)
✔ [6028/7061] Built OAI.NumberTheory.DirichletL.Moments.NaturalRadialCutoff (4.6s)
✔ [6029/7061] Built OAI.NumberTheory.DirichletL.Reflection.ShellSource (4.5s)
✔ [6030/7061] Built OAI.NumberTheory.DirichletL.Reflection.DyadicTail (4.5s)
✔ [6031/7061] Built OAI.NumberTheory.DirichletL.Hecke.DetectorClassBudget (4.2s)
✔ [6032/7061] Built OAI.NumberTheory.DirichletL.Descent.PriorityProfile (4.3s)
✔ [6033/7061] Built OAI.NumberTheory.DirichletL.Descent.WholeRetainedSource (4.3s)
✔ [6034/7061] Built OAI.NumberTheory.DirichletL.PrimeRows.LargeDyad (4.6s)
✔ [6035/7061] Built OAI.NumberTheory.DirichletL.Dictionary.InverseMarkedReferenceCoefficients (4.5s)
✔ [6036/7061] Built OAI.NumberTheory.DirichletL.PrimeRows.SmallSum (4.7s)
✔ [6037/7061] Built OAI.NumberTheory.DirichletL.Reflection.PhysicalEnergy (6.0s)
✔ [6038/7061] Built OAI.NumberTheory.DirichletL.Hecke.DetectorBatchCount (4.2s)
✔ [6039/7061] Built OAI.NumberTheory.DirichletL.Descent.GlobalPrincipalMassPrefactor (4.7s)
✔ [6040/7061] Built OAI.NumberTheory.DirichletL.Inversion.WholePriorityRapidTail (6.2s)
✔ [6041/7061] Built OAI.NumberTheory.DirichletL.PrimeRows.SourceTransport (4.8s)
✔ [6042/7061] Built OAI.NumberTheory.DirichletL.PrimeRows.FirstIntegral (4.0s)
✔ [6043/7061] Built OAI.NumberTheory.DirichletL.Detector.LowOriginalPools (4.4s)
✔ [6044/7061] Built OAI.NumberTheory.DirichletL.Detector.LowUnselectedMass (4.6s)
✔ [6045/7061] Built OAI.NumberTheory.DirichletL.Hecke.DetectorHighCount (5.4s)
✔ [6046/7061] Built OAI.NumberTheory.DirichletL.Inversion.InitialLargePool (4.9s)
✔ [6047/7061] Built OAI.NumberTheory.DirichletL.Detector.CentralRepeatedSubset (4.6s)
✔ [6048/7061] Built OAI.NumberTheory.DirichletL.Dictionary.InverseRawCompact (4.9s)
✔ [6049/7061] Built OAI.NumberTheory.DirichletL.Dictionary.InverseUniformScale (4.2s)
✔ [6050/7061] Built OAI.NumberTheory.DirichletL.Moments.NaturalFixedRaySourceDetectorProfile (4.6s)
✔ [6051/7061] Built OAI.NumberTheory.DirichletL.Moments.FirstExceptionalPaidScales (4.6s)
✔ [6052/7061] Built OAI.NumberTheory.DirichletL.Moments.NaturalFixedRaySourcePhysical (4.4s)
✔ [6053/7061] Built OAI.NumberTheory.DirichletL.Moments.UniformReflectionProfile (5.1s)
✔ [6054/7061] Built OAI.NumberTheory.DirichletL.Reflection.ShellDomains (4.3s)
✔ [6055/7061] Built OAI.NumberTheory.DirichletL.Reflection.DyadicBox (4.3s)
✔ [6056/7061] Built OAI.NumberTheory.DirichletL.Reflection.HeightTail (4.6s)
✔ [6057/7061] Built OAI.NumberTheory.DirichletL.Dictionary.InverseMarkedReferenceDivisors (4.2s)
✔ [6058/7061] Built OAI.NumberTheory.DirichletL.PrimeRows.GeometricTail (4.4s)
✔ [6059/7061] Built OAI.NumberTheory.DirichletL.Inversion.SecondSourceBlocks (4.8s)
✔ [6060/7061] Built OAI.NumberTheory.DirichletL.Reflection.Surviving (4.4s)
✔ [6061/7061] Built OAI.NumberTheory.DirichletL.Hecke.DetectorFixedAmplitudeCount (4.3s)
✔ [6062/7061] Built OAI.NumberTheory.DirichletL.Inversion.WholePriorityValidSource (5.1s)
✔ [6063/7061] Built OAI.NumberTheory.DirichletL.PrimeRows.SmallTail (5.5s)
✔ [6064/7061] Built OAI.NumberTheory.DirichletL.Inversion.InitialEnergyCallerReference (8.3s)
✔ [6065/7061] Built OAI.NumberTheory.DirichletL.Detector.LowNominalGeometry (4.5s)
✔ [6066/7061] Built OAI.NumberTheory.DirichletL.Hecke.DetectorHighBatchCount (4.2s)
✔ [6067/7061] Built OAI.NumberTheory.DirichletL.PrimeRows.PhysicalDyad (4.7s)
✔ [6068/7061] Built OAI.NumberTheory.DirichletL.PrimeRows.FirstTransport (4.5s)
✔ [6069/7061] Built OAI.NumberTheory.DirichletL.PrimeRows.BufferedIntegral (5.3s)
✔ [6070/7061] Built OAI.NumberTheory.DirichletL.Dictionary.InverseUniformFamily (4.3s)
✔ [6071/7061] Built OAI.NumberTheory.DirichletL.Inversion.InitialLargeFourier (5.2s)
✔ [6072/7061] Built OAI.NumberTheory.DirichletL.Moments.NaturalFixedRaySourceAllocatedProfile (4.5s)
✔ [6073/7061] Built OAI.NumberTheory.DirichletL.Moments.UniformReflectionScale (4.4s)
✔ [6074/7061] Built OAI.NumberTheory.DirichletL.Reflection.ShellRows (4.3s)
✔ [6075/7061] Built OAI.NumberTheory.DirichletL.Moments.NaturalFixedRaySourceDetectorCancellation (4.0s)
✔ [6076/7061] Built OAI.NumberTheory.DirichletL.Moments.FirstMixedAllowance (4.0s)
✔ [6077/7061] Built OAI.NumberTheory.DirichletL.Reflection.TruncatedSource (4.4s)
✔ [6078/7061] Built OAI.NumberTheory.DirichletL.Detector.CentralAllSlots (6.2s)
✔ [6079/7061] Built OAI.NumberTheory.DirichletL.Dictionary.InverseMarkedReferenceTuples (4.3s)
✔ [6080/7061] Built OAI.NumberTheory.DirichletL.Reflection.FilteredEnergy (4.4s)
✔ [6081/7061] Built OAI.NumberTheory.DirichletL.Descent.SecondCellPhysical (4.4s)
✔ [6082/7061] Built OAI.NumberTheory.DirichletL.Reflection.UniformTail (5.1s)
✔ [6083/7061] Built OAI.NumberTheory.DirichletL.Moments.UniformReflectionApproximation (5.6s)
✔ [6084/7061] Built OAI.NumberTheory.DirichletL.PrimeRows.LargeTail (4.8s)
✔ [6085/7061] Built OAI.NumberTheory.DirichletL.Inversion.WholePriorityRetainedSource (5.3s)
✔ [6086/7061] Built OAI.NumberTheory.DirichletL.Inversion.InitialEnergyCallerGeometry (4.5s)
✔ [6087/7061] Built OAI.NumberTheory.DirichletL.Detector.LowCentralGeometry (4.3s)
✔ [6088/7061] Built OAI.NumberTheory.DirichletL.Detector.CanonicalPhysicalRows (4.5s)
✔ [6089/7061] Built OAI.NumberTheory.DirichletL.PrimeRows.PhysicalSmallTail (5.0s)
✔ [6090/7061] Built OAI.NumberTheory.DirichletL.PrimeRows.SliceIntegral (4.4s)
✔ [6091/7061] Built OAI.NumberTheory.DirichletL.PrimeRows.TailIntegral (4.5s)
✔ [6092/7061] Built OAI.NumberTheory.DirichletL.Dictionary.InverseUniformTests (4.6s)
✔ [6093/7061] Built OAI.NumberTheory.DirichletL.PrimeRows.BufferedTransport (4.8s)
✔ [6094/7061] Built OAI.NumberTheory.DirichletL.Inversion.InitialCompletePool (4.6s)
✔ [6095/7061] Built OAI.NumberTheory.DirichletL.PrimeRows.CoarseAmplitude (5.3s)
✔ [6096/7061] Built OAI.NumberTheory.DirichletL.Moments.UniformReflectionChoices (4.4s)
✔ [6097/7061] Built OAI.NumberTheory.DirichletL.Moments.NaturalFixedRaySourceDetectorSlots (4.5s)
✔ [6098/7061] Built OAI.NumberTheory.DirichletL.Moments.NaturalFixedRaySourceAllocatedErrorMass (5.1s)
✔ [6099/7061] Built OAI.NumberTheory.DirichletL.Moments.FirstMixedCommonRadius (4.8s)
✔ [6100/7061] Built OAI.NumberTheory.DirichletL.Reflection.WholeRow (4.5s)
✔ [6101/7061] Built OAI.NumberTheory.DirichletL.Dictionary.InverseMarkedReferenceProducts (4.5s)
✔ [6102/7061] Built OAI.NumberTheory.DirichletL.Descent.ClippedChild (4.3s)
✔ [6103/7061] Built OAI.NumberTheory.DirichletL.Descent.FirstChildWindowsCells (8.8s)
✔ [6104/7061] Built OAI.NumberTheory.DirichletL.PrimeRows.LargeSaving (4.4s)
✔ [6105/7061] Built OAI.NumberTheory.DirichletL.Descent.PriorityCellEnergy (5.0s)
✔ [6106/7061] Built OAI.NumberTheory.DirichletL.Descent.PriorityCellEnergyWindowOrder (4.0s)
✔ [6107/7061] Built OAI.NumberTheory.DirichletL.Reflection.FilteredMeasure (5.2s)
✔ [6108/7061] Built OAI.NumberTheory.DirichletL.Descent.SecondCellParameters (5.3s)
✔ [6109/7061] Built OAI.NumberTheory.DirichletL.Moments.UniformOriginalEnergy (5.2s)
✔ [6110/7061] Built OAI.NumberTheory.DirichletL.Descent.GlobalPrioritySource (4.3s)
✔ [6111/7061] Built OAI.NumberTheory.DirichletL.Reflection.FamilyTail (5.5s)
✔ [6112/7061] Built OAI.NumberTheory.DirichletL.Inversion.InitialEnergyCallerSourceMask (4.5s)
✔ [6113/7061] Built OAI.NumberTheory.DirichletL.Detector.LowInverseNormalize (4.6s)
✔ [6114/7061] Built OAI.NumberTheory.DirichletL.Inversion.ReflectedArithmeticHeight (5.9s)
✔ [6115/7061] Built OAI.NumberTheory.DirichletL.Detector.PrincipalPhysical (4.7s)
✔ [6116/7061] Built OAI.NumberTheory.DirichletL.Dictionary.InverseUniformSource (4.3s)
✔ [6117/7061] Built OAI.NumberTheory.DirichletL.PrimeRows.OriginalHeightTail (4.7s)
✔ [6118/7061] Built OAI.NumberTheory.DirichletL.PrimeRows.BufferedSlices (4.9s)
✔ [6119/7061] Built OAI.NumberTheory.DirichletL.Inversion.InitialExcludedPool (4.4s)
✔ [6120/7061] Built OAI.NumberTheory.DirichletL.Moments.UniformRetainedEnergy (4.6s)
✔ [6121/7061] Built OAI.NumberTheory.DirichletL.PrimeRows.UniformTail (4.8s)
✔ [6122/7061] Built OAI.NumberTheory.DirichletL.Moments.NaturalFixedRaySourceDetectorCapped (4.7s)
✔ [6123/7061] Built OAI.NumberTheory.DirichletL.Dictionary.InverseMarkedReferenceOverlap (4.5s)
✔ [6124/7061] Built OAI.NumberTheory.DirichletL.Inversion.InitialMarkedAssignedGeometry (4.5s)
✔ [6125/7061] Built OAI.NumberTheory.DirichletL.Descent.FirstChildWindowsLive (4.2s)
✔ [6126/7061] Built OAI.NumberTheory.DirichletL.Descent.FirstOriginalProfileData (4.3s)
✔ [6127/7061] Built OAI.NumberTheory.DirichletL.Moments.FirstMixedNormalization (4.8s)
✔ [6128/7061] Built OAI.NumberTheory.DirichletL.Descent.FirstChildWindowsPhysical (4.4s)
✔ [6129/7061] Built OAI.NumberTheory.DirichletL.PrimeRows.PhysicalLargeTail (4.7s)
✔ [6130/7061] Built OAI.NumberTheory.DirichletL.PrimeRows.UniformSlices (6.2s)
✔ [6131/7061] Built OAI.NumberTheory.DirichletL.Descent.PriorityCellBudget (4.1s)
✔ [6132/7061] Built OAI.NumberTheory.DirichletL.Reflection.TailAbsorption (4.4s)
✔ [6133/7061] Built OAI.NumberTheory.DirichletL.Descent.PriorityCellEnergyWindowOrderUniform (4.9s)
✔ [6134/7061] Built OAI.NumberTheory.DirichletL.Inversion.InitialEnergyCallerRanges (4.3s)
✔ [6135/7061] Built OAI.NumberTheory.DirichletL.Descent.PriorityMovingRadius (4.9s)
✔ [6136/7061] Built OAI.NumberTheory.DirichletL.Descent.PrioritySourceEnergy (4.9s)
✔ [6137/7061] Built OAI.NumberTheory.DirichletL.Descent.PriorityMovingRadiusWindowOrder (4.9s)
✔ [6138/7061] Built OAI.NumberTheory.DirichletL.Reflection.UniformFiltered (5.2s)
✔ [6139/7061] Built OAI.NumberTheory.DirichletL.Reflection.RowTail (5.1s)
✔ [6140/7061] Built OAI.NumberTheory.DirichletL.Reflection.SurvivingEnergy (5.8s)
✔ [6141/7061] Built OAI.NumberTheory.DirichletL.Reflection.FamilyTailUniformDegree (4.0s)
✔ [6142/7061] Built OAI.NumberTheory.DirichletL.Inversion.InitialExcludedOverlap (3.8s)
✔ [6143/7061] Built OAI.NumberTheory.DirichletL.Inversion.InitialResidualPool (3.9s)
✔ [6144/7061] Built OAI.NumberTheory.DirichletL.Moments.UniformNaturalRetained (3.8s)
✔ [6145/7061] Built OAI.NumberTheory.DirichletL.Dictionary.InverseClippedUniform (4.9s)
✔ [6146/7061] Built OAI.NumberTheory.DirichletL.Moments.AllocatedDetectorCapped (3.8s)
✔ [6147/7061] Built OAI.NumberTheory.DirichletL.Descent.FirstOriginalProfileIdentity (3.8s)
✔ [6148/7061] Built OAI.NumberTheory.DirichletL.Detector.PrincipalPhysicalRemainder (6.1s)
✔ [6149/7061] Built OAI.NumberTheory.DirichletL.PrimeRows.BufferedJoinDecay (5.4s)
✔ [6150/7061] Built OAI.NumberTheory.DirichletL.Descent.PrioritySourceBudget (3.8s)
✔ [6151/7061] Built OAI.NumberTheory.DirichletL.Inversion.InitialEnergyCallerWindows (3.7s)
✔ [6152/7061] Built OAI.NumberTheory.DirichletL.Reflection.TailEnergyBudget (4.1s)
✔ [6153/7061] Built OAI.NumberTheory.DirichletL.Reflection.SourceScaleCaps (4.0s)
✔ [6154/7061] Built OAI.NumberTheory.DirichletL.Descent.PriorityMovingRadiusWindowOrderUniform (4.3s)
✔ [6155/7061] Built OAI.NumberTheory.DirichletL.Reflection.WholeTail (3.0s)
✔ [6156/7061] Built OAI.NumberTheory.DirichletL.Reflection.AnnularNormalization (3.9s)
✔ [6157/7061] Built OAI.NumberTheory.DirichletL.Inversion.InitialExcludedForcing (3.9s)
✔ [6158/7061] Built OAI.NumberTheory.DirichletL.Reflection.RowTailUniformDegree (4.5s)
✔ [6159/7061] Built OAI.NumberTheory.DirichletL.Dictionary.InverseRawUniform (4.0s)
✔ [6160/7061] Built OAI.NumberTheory.DirichletL.Moments.UniformOriginalComparison (4.2s)
✔ [6161/7061] Built OAI.NumberTheory.DirichletL.Descent.FirstOriginalProfileCells (4.0s)
✔ [6162/7061] Built OAI.NumberTheory.DirichletL.Reflection.UniformPhysical (5.6s)
✔ [6163/7061] Built OAI.NumberTheory.DirichletL.PrimeRows.HorizontalIntegral (4.1s)
✔ [6164/7061] Built OAI.NumberTheory.DirichletL.Descent.ActualChildState (4.0s)
✔ [6165/7061] Built OAI.NumberTheory.DirichletL.Inversion.InitialEnergyCallerEmpty (3.8s)
✔ [6166/7061] Built OAI.NumberTheory.DirichletL.Inversion.InitialEnergyCallerWindowGeometry (3.0s)
✔ [6167/7061] Built OAI.NumberTheory.DirichletL.Inversion.InitialDyadicAssembly (4.0s)
✔ [6168/7061] Built OAI.NumberTheory.DirichletL.Inversion.InitialEnergyCallerFixedWindows (4.1s)
✔ [6169/7061] Built OAI.NumberTheory.DirichletL.Reflection.TailEnergyBudgetUniformDegree (4.3s)
✔ [6170/7061] Built OAI.NumberTheory.DirichletL.Moments.AllocatedDetectorAmplitude (6.4s)
✔ [6171/7061] Built OAI.NumberTheory.DirichletL.Detector.PrincipalNormalized (6.7s)
✔ [6172/7061] Built OAI.NumberTheory.DirichletL.Descent.PriorityRetainedMovingRadiusWindowOrder (5.0s)
✔ [6173/7061] Built OAI.NumberTheory.DirichletL.Descent.PriorityRetainedMovingRadius (6.2s)
✔ [6174/7061] Built OAI.NumberTheory.DirichletL.Descent.PriorityRetainedBound (6.2s)
✔ [6175/7061] Built OAI.NumberTheory.DirichletL.PrimeRows.RowPartition (10s)
✔ [6176/7061] Built OAI.NumberTheory.DirichletL.Reflection.TerminalThreshold (4.8s)
✔ [6177/7061] Built OAI.NumberTheory.DirichletL.Reflection.WholeTailUniformDegree (4.2s)
✔ [6178/7061] Built OAI.NumberTheory.DirichletL.Inversion.InitialExcludedFourier (4.9s)
✔ [6179/7061] Built OAI.NumberTheory.DirichletL.Descent.FirstOriginalProfileScales (3.9s)
✔ [6180/7061] Built OAI.NumberTheory.DirichletL.Dictionary.InverseMarkedUniform (4.5s)
✔ [6181/7061] Built OAI.NumberTheory.DirichletL.Descent.FirstOriginalProfileWindows (4.1s)
✔ [6182/7061] Built OAI.NumberTheory.DirichletL.Moments.UniformRadialComparison (4.6s)
✔ [6183/7061] Built OAI.NumberTheory.DirichletL.Descent.FirstOriginalProfileAssembly (4.3s)
✔ [6184/7061] Built OAI.NumberTheory.DirichletL.Descent.ActualChildStateSupport (3.9s)
✔ [6185/7061] Built OAI.NumberTheory.DirichletL.Descent.ActualChildStateLabels (4.0s)
✔ [6186/7061] Built OAI.NumberTheory.DirichletL.PrimeRows.BufferedJoins (4.9s)
✔ [6187/7061] Built OAI.NumberTheory.DirichletL.Inversion.InitialCanonicalDomains (4.0s)
✔ [6188/7061] Built OAI.NumberTheory.DirichletL.Inversion.InitialDyadicAssemblyWindows (3.0s)
✔ [6189/7061] Built OAI.NumberTheory.DirichletL.PrimeRows.UniformJoins (5.0s)
✔ [6190/7061] Built OAI.NumberTheory.DirichletL.Inversion.InitialEnergyCallerState (4.5s)
✔ [6191/7061] Built OAI.NumberTheory.DirichletL.Reflection.UniformPhysicalUniformDegree (5.8s)
✔ [6192/7061] Built OAI.NumberTheory.DirichletL.Inversion.InitialDyadicAssemblyBounds (5.0s)
✔ [6193/7061] Built OAI.NumberTheory.DirichletL.Moments.ExceptionalAmplitudePair (4.6s)
✔ [6194/7061] Built OAI.NumberTheory.DirichletL.PrimeRows.SmallPartition (3.8s)
✔ [6195/7061] Built OAI.NumberTheory.DirichletL.Reflection.ThresholdError (4.1s)
✔ [6196/7061] Built OAI.NumberTheory.DirichletL.PrimeRows.CubeNormalizer (4.7s)
✔ [6197/7061] Built OAI.NumberTheory.DirichletL.Dictionary.InverseMarkedReferenceRemaining (4.2s)
✔ [6198/7061] Built OAI.NumberTheory.DirichletL.Detector.RayCharacterFamily (4.5s)
✔ [6199/7061] Built OAI.NumberTheory.DirichletL.Descent.GlobalPriorityEnergy (5.3s)
✔ [6200/7061] Built OAI.NumberTheory.DirichletL.Descent.WholePriorityEnergy (5.3s)
✔ [6201/7061] Built OAI.NumberTheory.DirichletL.Moments.FiniteProfileExceptionalAmplitude (6.5s)
✔ [6202/7061] Built OAI.NumberTheory.DirichletL.PrimeRows.CentralRowCost (5.3s)
✔ [6203/7061] Built OAI.NumberTheory.DirichletL.Descent.ActualChildStatePuncture (3.8s)
✔ [6204/7061] Built OAI.NumberTheory.DirichletL.Descent.ActualChildStateRadius (3.0s)
✔ [6205/7061] Built OAI.NumberTheory.DirichletL.Moments.CommonMaskRadialEnergy (4.6s)
✔ [6206/7061] Built OAI.NumberTheory.DirichletL.Descent.ActualChildStateTriples (4.2s)
✔ [6207/7061] Built OAI.NumberTheory.DirichletL.Descent.ActualChildStateDepth (4.4s)
✔ [6208/7061] Built OAI.NumberTheory.DirichletL.Descent.PriorityRetainedMovingRadiusWindowOrderUniform (6.4s)
✔ [6209/7061] Built OAI.NumberTheory.DirichletL.Descent.FirstOriginalProfileCellEnergy (5.6s)
✔ [6210/7061] Built OAI.NumberTheory.DirichletL.PrimeRows.CentralIntegral (5.1s)
✔ [6211/7061] Built OAI.NumberTheory.DirichletL.Inversion.InitialCanonicalState (4.8s)
✔ [6212/7061] Built OAI.NumberTheory.DirichletL.Inversion.InitialDyadicAssemblyLive (4.4s)
✔ [6213/7061] Built OAI.NumberTheory.DirichletL.Moments.FirstPhysicalDyadicCountSource (4.5s)
✔ [6214/7061] Built OAI.NumberTheory.DirichletL.Moments.SecondNonexceptionalAggregate (4.6s)
✔ [6215/7061] Built OAI.NumberTheory.DirichletL.Moments.ExceptionalSourceShell (4.7s)
✔ [6216/7061] Built OAI.NumberTheory.DirichletL.Moments.SecondExceptionalAggregate (4.9s)
✔ [6217/7061] Built OAI.NumberTheory.DirichletL.PrimeRows.ExhaustivePartition (4.5s)
✔ [6218/7061] Built OAI.NumberTheory.DirichletL.PrimeRows.CubeFloorDyadic (4.5s)
✔ [6219/7061] Built OAI.NumberTheory.DirichletL.Reflection.AnnularExponent (4.4s)
✔ [6220/7061] Built OAI.NumberTheory.DirichletL.Moments.FirstPhysicalSourceSupport (5.5s)
✔ [6221/7061] Built OAI.NumberTheory.DirichletL.Dictionary.InverseMarkedReferenceReindex (4.5s)
✔ [6222/7061] Built OAI.NumberTheory.DirichletL.Descent.GlobalPriorityPhysical (4.2s)
✔ [6223/7061] Built OAI.NumberTheory.DirichletL.Detector.RayPhaseBins (4.9s)
✔ [6224/7061] Built OAI.NumberTheory.DirichletL.Dictionary.InverseMarkedReferenceEnergy (5.1s)
✔ [6225/7061] Built OAI.NumberTheory.DirichletL.Descent.CanonicalPunctureMask (4.5s)
✔ [6226/7061] Built OAI.NumberTheory.DirichletL.Moments.SourceInputTailUniform (6.5s)
✔ [6227/7061] Built OAI.NumberTheory.DirichletL.Moments.FiniteProfileExceptionalPair (4.0s)
✔ [6228/7061] Built OAI.NumberTheory.DirichletL.Inversion.SecondUniformCutoff (4.8s)
✔ [6229/7061] Built OAI.NumberTheory.DirichletL.Descent.GlobalPriorityRays (5.7s)
✔ [6230/7061] Built OAI.NumberTheory.DirichletL.Descent.WholePriorityRays (5.8s)
✔ [6231/7061] Built OAI.NumberTheory.DirichletL.PrimeRows.CentralTargetCost (5.7s)
✔ [6232/7061] Built OAI.NumberTheory.DirichletL.Moments.AllocatedNaturalRadial (5.6s)
✔ [6233/7061] Built OAI.NumberTheory.DirichletL.Dictionary.InverseRawGeometry (4.4s)
✔ [6234/7061] Built OAI.NumberTheory.DirichletL.Descent.ActualDepthBudget (5.7s)
✔ [6235/7061] Built OAI.NumberTheory.DirichletL.Inversion.InitialCanonicalStateSource (4.5s)
✔ [6236/7061] Built OAI.NumberTheory.DirichletL.Inversion.InitialDyadicAssemblySourceCaps (4.2s)
✔ [6237/7061] Built OAI.NumberTheory.DirichletL.Moments.NaturalMaskedFloor (6.3s)
✔ [6238/7061] Built OAI.NumberTheory.DirichletL.PrimeRows.CentralError (5.4s)
✔ [6239/7061] Built OAI.NumberTheory.DirichletL.Moments.ExceptionalCanonicalShell (4.5s)
✔ [6240/7061] Built OAI.NumberTheory.DirichletL.Reflection.UpperThreshold (4.2s)
✔ [6241/7061] Built OAI.NumberTheory.DirichletL.Moments.ExceptionalWholeSource (4.8s)
✔ [6242/7061] Built OAI.NumberTheory.DirichletL.Descent.GlobalParentSource (3.0s)
✔ [6243/7061] Built OAI.NumberTheory.DirichletL.Moments.FirstNonexceptionalPrefactor (4.7s)
✔ [6244/7061] Built OAI.NumberTheory.DirichletL.PrimeRows.PhysicalPartition (5.2s)
✔ [6245/7061] Built OAI.NumberTheory.DirichletL.Descent.CanonicalPunctureMaskEnergy (4.1s)
✔ [6246/7061] Built OAI.NumberTheory.DirichletL.Descent.FirstLiveCaps (13s)
✔ [6247/7061] Built OAI.NumberTheory.DirichletL.Dictionary.InverseMarkedReferenceFiber (4.7s)
✔ [6248/7061] Built OAI.NumberTheory.DirichletL.Moments.SourceInputTailSeed (4.5s)
✔ [6249/7061] Built OAI.NumberTheory.DirichletL.Moments.SecondSourceDiagonal (4.4s)
✔ [6250/7061] Built OAI.NumberTheory.DirichletL.Moments.FiniteProfileExceptionalStability (4.4s)
✔ [6251/7061] Built OAI.NumberTheory.DirichletL.Descent.GlobalRetainedGates (4.4s)
✔ [6252/7061] Built OAI.NumberTheory.DirichletL.Descent.WholePriorityCollapse (4.0s)
✔ [6253/7061] Built OAI.NumberTheory.DirichletL.Dictionary.InverseMarkedReferenceMass (5.3s)
✔ [6254/7061] Built OAI.NumberTheory.DirichletL.Moments.SourceInputZeroUniform (5.4s)
✔ [6255/7061] Built OAI.NumberTheory.DirichletL.Moments.SourceInputFirstTailUniform (5.7s)
✔ [6256/7061] Built OAI.NumberTheory.DirichletL.Detector.CentralPrimeSum (4.9s)
✔ [6257/7061] Built OAI.NumberTheory.DirichletL.Inversion.InitialDyadicAssemblyRetained (4.2s)
✔ [6258/7061] Built OAI.NumberTheory.DirichletL.Energy.State (4.1s)
✔ [6259/7061] Built OAI.NumberTheory.DirichletL.Dictionary.InverseRawInitialGates (4.8s)
✔ [6260/7061] Built OAI.NumberTheory.DirichletL.Inversion.InitialCanonicalStateWindow (4.0s)
✔ [6261/7061] Built OAI.NumberTheory.DirichletL.Reflection.RetainedWidth (4.1s)
✔ [6262/7061] Built OAI.NumberTheory.DirichletL.Reflection.ActualExponent (4.2s)
✔ [6263/7061] Built OAI.NumberTheory.DirichletL.Descent.GlobalPriorityAggregate (6.1s)
✔ [6264/7061] Built OAI.NumberTheory.DirichletL.Moments.ExceptionalMaskedSource (4.2s)
✔ [6265/7061] Built OAI.NumberTheory.DirichletL.PrimeRows.UniformError (4.9s)
✔ [6266/7061] Built OAI.NumberTheory.DirichletL.PrimeRows.CanonicalTails (4.0s)
✔ [6267/7061] Built OAI.NumberTheory.DirichletL.Moments.FirstPhysicalSourceFixedSource (4.1s)
✔ [6268/7061] Built OAI.NumberTheory.DirichletL.Moments.FirstExceptionalPrefactorActual (4.2s)
✔ [6269/7061] Built OAI.NumberTheory.DirichletL.Descent.GlobalParentEnergy (5.0s)
✔ [6270/7061] Built OAI.NumberTheory.DirichletL.Descent.GlobalRetainedGatesGeometry (3.8s)
✔ [6271/7061] Built OAI.NumberTheory.DirichletL.Energy.Profiles (4.3s)
✔ [6272/7061] Built OAI.NumberTheory.DirichletL.Descent.WholePriorityBranches (4.2s)
✔ [6273/7061] Built OAI.NumberTheory.DirichletL.Moments.FirstNonexceptionalWeightSum (6.1s)
✔ [6274/7061] Built OAI.NumberTheory.DirichletL.Inversion.InitialDyadicAssemblyTail (4.4s)
✔ [6275/7061] Built OAI.NumberTheory.DirichletL.Dictionary.InverseRawConjugateGates (3.0s)
✔ [6276/7061] Built OAI.NumberTheory.DirichletL.Dictionary.InverseMarkedReferenceShift (4.1s)
✔ [6277/7061] Built OAI.NumberTheory.DirichletL.Energy.Floor (4.6s)
✔ [6278/7061] Built OAI.NumberTheory.DirichletL.Dictionary.InverseRawInitialEnergy (4.3s)
✔ [6279/7061] Built OAI.NumberTheory.DirichletL.Reflection.SurvivingGate (3.0s)
✔ [6280/7061] Built OAI.NumberTheory.DirichletL.Reflection.RetainedCaps (4.0s)
✔ [6281/7061] Built OAI.NumberTheory.DirichletL.Moments.SourceInputFirstSectorTailUniform (5.3s)
✔ [6282/7061] Built OAI.NumberTheory.DirichletL.Reflection.NormalizedPhysical (4.5s)
✔ [6283/7061] Built OAI.NumberTheory.DirichletL.Moments.ExceptionalAsymmetricSource (4.8s)
✔ [6284/7061] Built OAI.NumberTheory.DirichletL.Moments.FirstPhysicalSourceFixedEnergy (4.3s)
✔ [6285/7061] Built OAI.NumberTheory.DirichletL.Moments.CommonLinearSource (5.1s)
✔ [6286/7061] Built OAI.NumberTheory.DirichletL.Inversion.FirstGlobalParents (4.5s)
✔ [6287/7061] Built OAI.NumberTheory.DirichletL.Descent.GlobalRetainedGatesRadius (4.2s)
✔ [6288/7061] Built OAI.NumberTheory.DirichletL.Energy.AllocatedProfiles (3.9s)
✔ [6289/7061] Built OAI.NumberTheory.DirichletL.PrimeRows.CanonicalReduction (5.4s)
✔ [6290/7061] Built OAI.NumberTheory.DirichletL.Moments.FirstMixedRoot (5.4s)
✔ [6291/7061] Built OAI.NumberTheory.DirichletL.Moments.FirstAnnularMajorant (4.3s)
✔ [6292/7061] Built OAI.NumberTheory.DirichletL.Descent.GlobalPriorityBranches (4.4s)
✔ [6293/7061] Built OAI.NumberTheory.DirichletL.PrimeRows.CentralZTail (6.1s)
✔ [6294/7061] Built OAI.NumberTheory.DirichletL.PrimeRows.CentralWTail (6.2s)
✔ [6295/7061] Built OAI.NumberTheory.DirichletL.Descent.WholePriorityMass (4.7s)
✔ [6296/7061] Built OAI.NumberTheory.DirichletL.Descent.GlobalPriorityFilteredEnergy (5.3s)
✔ [6297/7061] Built OAI.NumberTheory.DirichletL.Moments.FirstNonexceptionalFixedWeightSum (4.3s)
✔ [6298/7061] Built OAI.NumberTheory.DirichletL.Inversion.InitialDyadicTailGates (4.2s)
✔ [6299/7061] Built OAI.NumberTheory.DirichletL.Dictionary.InverseRawInput (4.7s)
✔ [6300/7061] Built OAI.NumberTheory.DirichletL.Reflection.CanonicalPool (4.1s)
✔ [6301/7061] Built OAI.NumberTheory.DirichletL.Moments.SourceInputFirstSectorTailNatural (4.6s)
✔ [6302/7061] Built OAI.NumberTheory.DirichletL.Reflection.BranchCount (4.5s)
✔ [6303/7061] Built OAI.NumberTheory.DirichletL.Dictionary.InverseMarkedReferenceDeleted (5.8s)
✔ [6304/7061] Built OAI.NumberTheory.DirichletL.Reflection.UniformNormalized (4.9s)
✔ [6305/7061] Built OAI.NumberTheory.DirichletL.Moments.CommonLinearNormalization (4.3s)
✔ [6306/7061] Built OAI.NumberTheory.DirichletL.Moments.ExceptionalAsymmetricCanonical (4.6s)
✔ [6307/7061] Built OAI.NumberTheory.DirichletL.Moments.FirstPhysicalSourceCommonBound (4.4s)
✔ [6308/7061] Built OAI.NumberTheory.DirichletL.Moments.FirstPhysicalSourceAllocatedInput (4.6s)
✔ [6309/7061] Built OAI.NumberTheory.DirichletL.Moments.CommonExceptionalGates (4.7s)
✔ [6310/7061] Built OAI.NumberTheory.DirichletL.Moments.CommonSectorColumn (4.6s)
✔ [6311/7061] Built OAI.NumberTheory.DirichletL.Moments.FiniteProfileExceptionalCommonAsymmetric (5.3s)
✔ [6312/7061] Built OAI.NumberTheory.DirichletL.Descent.GlobalRetainedGatesCaps (4.5s)
✔ [6313/7061] Built OAI.NumberTheory.DirichletL.Descent.GlobalRetainedGatesChildren (4.7s)
✔ [6314/7061] Built OAI.NumberTheory.DirichletL.Moments.FirstAnnularEnergy (4.4s)
✔ [6315/7061] Built OAI.NumberTheory.DirichletL.Moments.FirstMixedRightTransport (4.7s)
✔ [6316/7061] Built OAI.NumberTheory.DirichletL.Moments.FirstMixedNormalizationActual (4.9s)
✔ [6317/7061] Built OAI.NumberTheory.DirichletL.Descent.GlobalPriorityMass (4.6s)
✔ [6318/7061] Built OAI.NumberTheory.DirichletL.Descent.WholePriorityParentBounds (4.5s)
✔ [6319/7061] Built OAI.NumberTheory.DirichletL.Moments.FirstNonexceptionalLocalWeightSum (4.6s)
✔ [6320/7061] Built OAI.NumberTheory.DirichletL.PrimeRows.CentralRectangle (5.2s)
✔ [6321/7061] Built OAI.NumberTheory.DirichletL.Descent.GlobalPriorityFilteredEnergyUniform (5.4s)
✔ [6322/7061] Built OAI.NumberTheory.DirichletL.Inversion.InitialDyadicTailBound (4.8s)
✔ [6323/7061] Built OAI.NumberTheory.DirichletL.Inversion.FirstGlobalCaps (6.6s)
✔ [6324/7061] Built OAI.NumberTheory.DirichletL.Descent.GlobalPriorityFilteredRays (5.9s)
✔ [6325/7061] Built OAI.NumberTheory.DirichletL.Reflection.CanonicalWidth (4.4s)
✔ [6326/7061] Built OAI.NumberTheory.DirichletL.Reflection.MarkedRow (4.6s)
✔ [6327/7061] Built OAI.NumberTheory.DirichletL.Moments.SourceInputFirstRemainder (4.6s)
✔ [6328/7061] Built OAI.NumberTheory.DirichletL.Reflection.CountBudget (4.5s)
✔ [6329/7061] Built OAI.NumberTheory.DirichletL.Dictionary.InverseMarkedReferenceArithmetic (4.3s)
✔ [6330/7061] Built OAI.NumberTheory.DirichletL.Reflection.SectorNormalized (4.5s)
✔ [6331/7061] Built OAI.NumberTheory.DirichletL.Dictionary.InverseMarkedPhysicalRows (4.7s)
✔ [6332/7061] Built OAI.NumberTheory.DirichletL.Moments.CommonPairedSource (4.5s)
✔ [6333/7061] Built OAI.NumberTheory.DirichletL.Moments.FirstPhysicalAnnularCommonBound (4.5s)
✔ [6334/7061] Built OAI.NumberTheory.DirichletL.Reflection.UniformNormalizedUniformDegree (4.8s)
✔ [6335/7061] Built OAI.NumberTheory.DirichletL.Moments.FirstChildLower (4.6s)
✔ [6336/7061] Built OAI.NumberTheory.DirichletL.Descent.GlobalRetainedGatesBudget (4.1s)
✔ [6337/7061] Built OAI.NumberTheory.DirichletL.Descent.GlobalRetainedGatesRank (4.2s)
✔ [6338/7061] Built OAI.NumberTheory.DirichletL.Moments.FiniteProfileExceptionalCommonGates (4.5s)
✔ [6339/7061] Built OAI.NumberTheory.DirichletL.Moments.FirstCommonSourceBudget (5.1s)
✔ [6340/7061] Built OAI.NumberTheory.DirichletL.Moments.FirstAnnularGeometry (4.3s)
✔ [6341/7061] Built OAI.NumberTheory.DirichletL.Descent.GlobalPriorityTailCollapse (4.1s)
✔ [6342/7061] Built OAI.NumberTheory.DirichletL.Descent.GlobalPriorityZero (4.3s)
✔ [6343/7061] Built OAI.NumberTheory.DirichletL.Moments.FirstMixedMainError (4.6s)
✔ [6344/7061] Built OAI.NumberTheory.DirichletL.Descent.FirstOriginalProfileParents (3.8s)
✔ [6345/7061] Built OAI.NumberTheory.DirichletL.Moments.FirstAmplifiedCapacityRadius (5.1s)
✔ [6346/7061] Built OAI.NumberTheory.DirichletL.Descent.FirstLiveNorms (4.2s)
✔ [6347/7061] Built OAI.NumberTheory.DirichletL.PrimeRows.CentralCube (4.8s)
✔ [6348/7061] Built OAI.NumberTheory.DirichletL.Reflection.MarkedOverlap (3.9s)
✔ [6349/7061] Built OAI.NumberTheory.DirichletL.PrimeRows.CentralErrorSaving (5.6s)
✔ [6350/7061] Built OAI.NumberTheory.DirichletL.Moments.FirstSourceReduction (4.6s)
✔ [6351/7061] Built OAI.NumberTheory.DirichletL.Descent.GlobalPriorityFilteredRaysUniform (5.1s)
✔ [6352/7061] Built OAI.NumberTheory.DirichletL.Moments.CommonWindowColumn (3.9s)
✔ [6353/7061] Built OAI.NumberTheory.DirichletL.Moments.CommonExceptionalCost (4.1s)
✔ [6354/7061] Built OAI.NumberTheory.DirichletL.Reflection.SectorNormalizedUniformDegree (4.1s)
✔ [6355/7061] Built OAI.NumberTheory.DirichletL.Reflection.LiteralNormalized (4.6s)
✔ [6356/7061] Built OAI.NumberTheory.DirichletL.Moments.FirstWindowBudgets (4.3s)
✔ [6357/7061] Built OAI.NumberTheory.DirichletL.Moments.FirstCommonSourcePowerBudget (3.9s)
✔ [6358/7061] Built OAI.NumberTheory.DirichletL.Moments.FirstSecondInputGates (4.3s)
✔ [6359/7061] Built OAI.NumberTheory.DirichletL.Moments.FirstExceptionalChildPaid (4.2s)
✔ [6360/7061] Built OAI.NumberTheory.DirichletL.Descent.GlobalPriorityFilteredAggregate (6.1s)
✔ [6361/7061] Built OAI.NumberTheory.DirichletL.Descent.GlobalPriorityZeroPhysical (4.0s)
✔ [6362/7061] Built OAI.NumberTheory.DirichletL.Descent.FirstOriginalProfileLiveSource (3.6s)
✔ [6363/7061] Built OAI.NumberTheory.DirichletL.Moments.FirstAnnularAmplification (5.1s)
✔ [6364/7061] Built OAI.NumberTheory.DirichletL.Descent.GlobalPriorityTail (4.6s)
✔ [6365/7061] Built OAI.NumberTheory.DirichletL.Descent.FirstDyadicRadius (3.5s)
✔ [6366/7061] Built OAI.NumberTheory.DirichletL.Reflection.MarkedJoined (3.9s)
✔ [6367/7061] Built OAI.NumberTheory.DirichletL.Moments.FirstPhysicalOriginalMask (4.0s)
✔ [6368/7061] Built OAI.NumberTheory.DirichletL.Moments.CommonExceptionalMass (3.9s)
✔ [6369/7061] Built OAI.NumberTheory.DirichletL.Moments.FirstPhysicalActiveDictionary (4.6s)
✔ [6370/7061] Built OAI.NumberTheory.DirichletL.Energy.OriginalSource (4.8s)
✔ [6371/7061] Built OAI.NumberTheory.DirichletL.PrimeRows.CubeErrorSaving (5.1s)
✔ [6372/7061] Built OAI.NumberTheory.DirichletL.Reflection.LiteralNormalizedUniformDegree (4.2s)
✔ [6373/7061] Built OAI.NumberTheory.DirichletL.Moments.FirstMixedWindow (4.3s)
✔ [6374/7061] Built OAI.NumberTheory.DirichletL.PrimeRows.CentralFiniteError (5.3s)
✔ [6375/7061] Built OAI.NumberTheory.DirichletL.Moments.FirstSecondCommonGates (4.1s)
✔ [6376/7061] Built OAI.NumberTheory.DirichletL.Moments.FirstCommonReferencePower (4.2s)
✔ [6377/7061] Built OAI.NumberTheory.DirichletL.Moments.FirstMixedChild (4.4s)
✔ [6378/7061] Built OAI.NumberTheory.DirichletL.Moments.FirstAnnularInput (3.5s)
✔ [6379/7061] Built OAI.NumberTheory.DirichletL.Moments.SuccessorPaidParameters (7.8s)
✔ [6380/7061] Built OAI.NumberTheory.DirichletL.Descent.FirstOriginalProfileLivePartition (3.9s)
✔ [6381/7061] Built OAI.NumberTheory.DirichletL.Descent.GlobalPriorityTailAggregate (4.1s)
✔ [6382/7061] Built OAI.NumberTheory.DirichletL.Descent.GlobalPriorityFilteredAggregateUniform (5.7s)
✔ [6383/7061] Built OAI.NumberTheory.DirichletL.Reflection.MarkedSource (3.8s)
✔ [6384/7061] Built OAI.NumberTheory.DirichletL.Descent.FirstOriginalProfileLiveEnergy (5.0s)
✔ [6385/7061] Built OAI.NumberTheory.DirichletL.Descent.FirstDyadicTail (4.6s)
✔ [6386/7061] Built OAI.NumberTheory.DirichletL.Descent.FirstStepScalarCaps (4.9s)
✔ [6387/7061] Built OAI.NumberTheory.DirichletL.Moments.FirstPhysicalZeroRadius (3.7s)
✔ [6388/7061] Built OAI.NumberTheory.DirichletL.Moments.FiniteProfileExceptionalCommonMass (3.5s)
✔ [6389/7061] Built OAI.NumberTheory.DirichletL.Energy.ZeroComparison (3.6s)
✔ [6390/7061] Built OAI.NumberTheory.DirichletL.Energy.FixedRadialSource (3.7s)
✔ [6391/7061] Built OAI.NumberTheory.DirichletL.Energy.PhysicalEntry (3.9s)
✔ [6392/7061] Built OAI.NumberTheory.DirichletL.Moments.CommonExceptionalSource (4.6s)
✔ [6393/7061] Built OAI.NumberTheory.DirichletL.Moments.FirstAnnularActiveInput (3.3s)
✔ [6394/7061] Built OAI.NumberTheory.DirichletL.Descent.FirstOriginalProfileLiveCount (3.5s)
✔ [6395/7061] Built OAI.NumberTheory.DirichletL.Moments.FirstMixedExceptionalCap (4.6s)
✔ [6396/7061] Built OAI.NumberTheory.DirichletL.PrimeRows.CubeFiniteError (4.9s)
✔ [6397/7061] Built OAI.NumberTheory.DirichletL.Descent.GlobalPriorityTailPhysical (3.9s)
✔ [6398/7061] Built OAI.NumberTheory.DirichletL.Reflection.MarkedRestriction (3.4s)
✔ [6399/7061] Built OAI.NumberTheory.DirichletL.Reflection.Reindex (3.6s)
✔ [6400/7061] Built OAI.NumberTheory.DirichletL.Descent.FirstOriginalProfileLiveIdentity (3.7s)
✔ [6401/7061] Built OAI.NumberTheory.DirichletL.Reflection.MarkedActualSource (3.9s)
✔ [6402/7061] Built OAI.NumberTheory.DirichletL.Energy.WidthSchedule (5.3s)
✔ [6403/7061] Built OAI.NumberTheory.DirichletL.Descent.FirstDyadicOriginalBranches (4.7s)
✔ [6404/7061] Built OAI.NumberTheory.DirichletL.Energy.FixedRadialEntry (3.6s)
✔ [6405/7061] Built OAI.NumberTheory.DirichletL.Moments.ExceptionalHeight (3.7s)
✔ [6406/7061] Built OAI.NumberTheory.DirichletL.Moments.FiniteProfileExceptionalCommonSource (4.9s)
✔ [6407/7061] Built OAI.NumberTheory.DirichletL.Moments.ReflectedSource (4.1s)
✔ [6408/7061] Built OAI.NumberTheory.DirichletL.Moments.FirstAnnularInputAmplification (4.3s)
✔ [6409/7061] Built OAI.NumberTheory.DirichletL.Energy.ReferenceState (4.6s)
✔ [6410/7061] Built OAI.NumberTheory.DirichletL.Moments.CommonExceptionalSymmetry (4.5s)
✔ [6411/7061] Built OAI.NumberTheory.DirichletL.Reflection.MarkedInactive (3.7s)
✔ [6412/7061] Built OAI.NumberTheory.DirichletL.Descent.GlobalPriorityFullBranches (3.9s)
✔ [6413/7061] Built OAI.NumberTheory.DirichletL.PrimeRows.CubeFiniteIntegral (4.3s)
✔ [6414/7061] Built OAI.NumberTheory.DirichletL.Reflection.ReindexReflection (3.8s)
✔ [6415/7061] Built OAI.NumberTheory.DirichletL.Descent.FirstOriginalProfileLiveAggregate (3.8s)
✔ [6416/7061] Built OAI.NumberTheory.DirichletL.Reflection.MarkedLevel (3.8s)
✔ [6417/7061] Built OAI.NumberTheory.DirichletL.Energy.FirstHighExceptionalPowers (4.8s)
✔ [6418/7061] Built OAI.NumberTheory.DirichletL.Moments.FirstMixedExceptionalLow (4.9s)
✔ [6419/7061] Built OAI.NumberTheory.DirichletL.Energy.WidthRanges (3.0s)
✔ [6420/7061] Built OAI.NumberTheory.DirichletL.Moments.FirstMixedDiagonal (5.5s)
✔ [6421/7061] Built OAI.NumberTheory.DirichletL.Moments.FirstSecondActiveErrorGates (6.9s)
✔ [6422/7061] Built OAI.NumberTheory.DirichletL.Moments.FiniteProfileExceptionalCommonHeight (3.6s)
✔ [6423/7061] Built OAI.NumberTheory.DirichletL.Moments.ExceptionalWindowHeight (3.8s)
✔ [6424/7061] Built OAI.NumberTheory.DirichletL.Energy.FixedRadialReduction (4.2s)
✔ [6425/7061] Built OAI.NumberTheory.DirichletL.Reflection.MarkedDualSource (6.0s)
✔ [6426/7061] Built OAI.NumberTheory.DirichletL.Moments.CommonSectorWindow (3.9s)
✔ [6427/7061] Built OAI.NumberTheory.DirichletL.Moments.FiniteProfileExceptionalCommonSymmetry (4.3s)
✔ [6428/7061] Built OAI.NumberTheory.DirichletL.Moments.CommonExceptionalWindow (4.8s)
✔ [6429/7061] Built OAI.NumberTheory.DirichletL.Energy.ReferenceReflection (4.2s)
✔ [6430/7061] Built OAI.NumberTheory.DirichletL.Reflection.MarkedActiveSets (3.6s)
✔ [6431/7061] Built OAI.NumberTheory.DirichletL.Moments.CommonExceptionalCanonical (4.6s)
✔ [6432/7061] Built OAI.NumberTheory.DirichletL.Descent.GlobalPriorityFullAggregate (3.9s)
✔ [6433/7061] Built OAI.NumberTheory.DirichletL.Moments.SecondExceptionalFamily (5.3s)
✔ [6434/7061] Built OAI.NumberTheory.DirichletL.Reflection.FixedLevel (3.5s)
✔ [6435/7061] Built OAI.NumberTheory.DirichletL.PrimeRows.CanonicalCubeReduction (4.0s)
✔ [6436/7061] Built OAI.NumberTheory.DirichletL.Descent.FirstOriginalProfileLiveSupport (3.0s)
✔ [6437/7061] Built OAI.NumberTheory.DirichletL.Moments.FirstMixedExceptionalDeclared (4.1s)
✔ [6438/7061] Built OAI.NumberTheory.DirichletL.Reflection.MarkedChosenSource (3.6s)
✔ [6439/7061] Built OAI.NumberTheory.DirichletL.Energy.LowFixedRadialEntry (4.1s)
✔ [6440/7061] Built OAI.NumberTheory.DirichletL.Moments.SecondExceptionalPairDictionary (3.8s)
✔ [6441/7061] Built OAI.NumberTheory.DirichletL.Reflection.ActiveDictionary (3.3s)
✔ [6442/7061] Built OAI.NumberTheory.DirichletL.Energy.ReferenceDivisors (3.9s)
✔ [6443/7061] Built OAI.NumberTheory.DirichletL.Energy.ReferenceSource (3.8s)
✔ [6444/7061] Built OAI.NumberTheory.DirichletL.Descent.GlobalCanonicalEnergy (3.6s)
✔ [6445/7061] Built OAI.NumberTheory.DirichletL.Reflection.MarkedFiber (3.9s)
✔ [6446/7061] Built OAI.NumberTheory.DirichletL.Moments.FiniteProfileExceptionalCommonCanonical (4.0s)
✔ [6447/7061] Built OAI.NumberTheory.DirichletL.Moments.SecondExceptionalSourceFamily (3.9s)
✔ [6448/7061] Built OAI.NumberTheory.DirichletL.Moments.FiniteProfileExceptionalFixedQCanonical (5.2s)
✔ [6449/7061] Built OAI.NumberTheory.DirichletL.Energy.ReferenceHomogeneous (4.9s)
✔ [6450/7061] Built OAI.NumberTheory.DirichletL.Moments.SecondNonexceptionalScalar (4.7s)
✔ [6451/7061] Built OAI.NumberTheory.DirichletL.PrimeRows.CanonicalCubeBins (4.6s)
✔ [6452/7061] Built OAI.NumberTheory.DirichletL.Moments.CommonExceptionalCanonicalWindow (5.1s)
✔ [6453/7061] Built OAI.NumberTheory.DirichletL.Moments.SecondExceptionalFamilyUniform (4.7s)
✔ [6454/7061] Built OAI.NumberTheory.DirichletL.Moments.SecondChildRadialWidth (4.8s)
✔ [6455/7061] Built OAI.NumberTheory.DirichletL.Descent.FirstLiveCountBudget (4.6s)
✔ [6456/7061] Built OAI.NumberTheory.DirichletL.Descent.GlobalPriorityFilteredStep (6.1s)
✔ [6457/7061] Built OAI.NumberTheory.DirichletL.Energy.ReferenceScalarBounds (3.5s)
✔ [6458/7061] Built OAI.NumberTheory.DirichletL.Energy.ReferenceWeightedEnergy (3.6s)
✔ [6459/7061] Built OAI.NumberTheory.DirichletL.Descent.OriginalCellPriority (3.6s)
✔ [6460/7061] Built OAI.NumberTheory.DirichletL.Moments.SecondExceptionalPairBound (4.9s)
✔ [6461/7061] Built OAI.NumberTheory.DirichletL.Reflection.OriginalFiber (4.0s)
✔ [6462/7061] Built OAI.NumberTheory.DirichletL.Reflection.MarkedChosenDual (5.9s)
✔ [6463/7061] Built OAI.NumberTheory.DirichletL.Energy.ReferenceHomogeneousError (3.6s)
✔ [6464/7061] Built OAI.NumberTheory.DirichletL.Moments.SecondExceptionalSourceCaps (3.6s)
✔ [6465/7061] Built OAI.NumberTheory.DirichletL.Moments.FiniteProfileExceptionalCommonWindow (4.8s)
✔ [6466/7061] Built OAI.NumberTheory.DirichletL.Moments.SecondCapacitySourceShift (4.2s)
✔ [6467/7061] Built OAI.NumberTheory.DirichletL.PrimeRows.CanonicalCubeChoice (4.2s)
✔ [6468/7061] Built OAI.NumberTheory.DirichletL.Moments.FiniteProfileExceptionalFixedQWindow (4.9s)
✔ [6469/7061] Built OAI.NumberTheory.DirichletL.Moments.SecondRetainedRatioScalar (4.2s)
✔ [6470/7061] Built OAI.NumberTheory.DirichletL.Descent.FirstOriginalProfileLiveParents (3.3s)
✔ [6471/7061] Built OAI.NumberTheory.DirichletL.Energy.ZeroGrowthReserve (3.8s)
✔ [6472/7061] Built OAI.NumberTheory.DirichletL.Energy.ReferenceDeletionEnergy (4.1s)
✔ [6473/7061] Built OAI.NumberTheory.DirichletL.Moments.SecondDivisorSupport (3.6s)
✔ [6474/7061] Built OAI.NumberTheory.DirichletL.Energy.ReferenceScalarReserve (4.4s)
✔ [6475/7061] Built OAI.NumberTheory.DirichletL.Energy.ZeroReferenceError (3.3s)
✔ [6476/7061] Built OAI.NumberTheory.DirichletL.Descent.GlobalPriorityFilteredStepUniform (5.5s)
✔ [6477/7061] Built OAI.NumberTheory.DirichletL.Moments.FiniteProfileExceptionalPhysicalHeight (3.2s)
✔ [6478/7061] Built OAI.NumberTheory.DirichletL.Moments.SecondExceptionalCanonicalPair (4.4s)
✔ [6479/7061] Built OAI.NumberTheory.DirichletL.PrimeRows.CanonicalRayCube (3.3s)
✔ [6480/7061] Built OAI.NumberTheory.DirichletL.Reflection.OriginalDictionary (4.7s)
✔ [6481/7061] Built OAI.NumberTheory.DirichletL.Descent.FirstDyadicCell (2.9s)
✔ [6482/7061] Built OAI.NumberTheory.DirichletL.Moments.AmplifiedChildWidth (8.4s)
✔ [6483/7061] Built OAI.NumberTheory.DirichletL.Descent.GlobalPriorityFixedChildStep (8.6s)
✔ [6484/7061] Built OAI.NumberTheory.DirichletL.Moments.FirstDivisorSupport (3.7s)
✔ [6485/7061] Built OAI.NumberTheory.DirichletL.Energy.StageReserve (3.7s)
✔ [6486/7061] Built OAI.NumberTheory.DirichletL.Moments.SecondSupportedChildren (4.7s)
✔ [6487/7061] Built OAI.NumberTheory.DirichletL.Detector.DetectorMomentData (3.6s)
✔ [6488/7061] Built OAI.NumberTheory.DirichletL.Reflection.PoolArithmetic (3.5s)
✔ [6489/7061] Built OAI.NumberTheory.DirichletL.PrimeRows.TargetPrincipal (3.6s)
✔ [6490/7061] Built OAI.NumberTheory.DirichletL.PrimeRows.CubeScale (3.9s)
✔ [6491/7061] Built OAI.NumberTheory.DirichletL.Moments.SecondExceptionalOriginalBlock (4.4s)
✔ [6492/7061] Built OAI.NumberTheory.DirichletL.PrimeRows.CubeCalibration (4.3s)
✔ [6493/7061] Built OAI.NumberTheory.DirichletL.Descent.FirstDyadicLiveRadius (3.5s)
✔ [6494/7061] Built OAI.NumberTheory.DirichletL.Moments.FiniteProfileExceptionalPhysicalPair (5.1s)
✔ [6495/7061] Built OAI.NumberTheory.DirichletL.Moments.FiniteProfileExceptionalFixedQPair (5.1s)
✔ [6496/7061] Built OAI.NumberTheory.DirichletL.Descent.FirstLabelCellStepGates (3.8s)
✔ [6497/7061] Built OAI.NumberTheory.DirichletL.PrimeRows.NormalizedTransport (6.9s)
✔ [6498/7061] Built OAI.NumberTheory.DirichletL.Energy.StageReserveSchedule (4.4s)
✔ [6499/7061] Built OAI.NumberTheory.DirichletL.Energy.StageReserveBounded (4.5s)
✔ [6500/7061] Built OAI.NumberTheory.DirichletL.Moments.FirstDivisorCommonBound (5.6s)
✔ [6501/7061] Built OAI.NumberTheory.DirichletL.Moments.DetectorDictionaryRows (4.7s)
✔ [6502/7061] Built OAI.NumberTheory.DirichletL.Reflection.ActualSizeCaps (4.7s)
✔ [6503/7061] Built OAI.NumberTheory.DirichletL.Reflection.OptionalWidth (4.7s)
✔ [6504/7061] Built OAI.NumberTheory.DirichletL.Reflection.LowWidth (4.7s)
✔ [6505/7061] Built OAI.NumberTheory.DirichletL.Reflection.OriginalTransport (8.6s)
✔ [6506/7061] Built OAI.NumberTheory.DirichletL.Detector.DetectorMomentGates (5.0s)
✔ [6507/7061] Built OAI.NumberTheory.DirichletL.Detector.DetectorBatch (5.1s)
✔ [6508/7061] Built OAI.NumberTheory.DirichletL.PrimeRows.DetectorReady (5.1s)
✔ [6509/7061] Built OAI.NumberTheory.DirichletL.Moments.SecondFrozenSupported (5.6s)
✔ [6510/7061] Built OAI.NumberTheory.DirichletL.PrimeRows.CubeBinPartition (4.7s)
✔ [6511/7061] Built OAI.NumberTheory.DirichletL.PrimeRows.CentralHeightCost (5.2s)
✔ [6512/7061] Built OAI.NumberTheory.DirichletL.PrimeRows.CentralSupportedSplit (4.9s)
✔ [6513/7061] Built OAI.NumberTheory.DirichletL.Descent.FirstLiveRadiusPositive (4.8s)
✔ [6514/7061] Built OAI.NumberTheory.DirichletL.Moments.SecondNonexceptionalPhysical (5.9s)
✔ [6515/7061] Built OAI.NumberTheory.DirichletL.Descent.FirstLabelCellStepSource (4.7s)
✔ [6516/7061] Built OAI.NumberTheory.DirichletL.Descent.FirstLiveExponentCaps (5.2s)
✔ [6517/7061] Built OAI.NumberTheory.DirichletL.Descent.FirstDyadicRetainedEnergy (5.8s)
✔ [6518/7061] Built OAI.NumberTheory.DirichletL.PrimeRows.CubePhaseBins (6.4s)
✔ [6519/7061] Built OAI.NumberTheory.DirichletL.Moments.FiniteProfileExceptionalPhysicalBlock (5.9s)
✔ [6520/7061] Built OAI.NumberTheory.DirichletL.Energy.StageMargins (4.4s)
✔ [6521/7061] Built OAI.NumberTheory.DirichletL.Energy.BackwardSourceRanges (4.7s)
✔ [6522/7061] Built OAI.NumberTheory.DirichletL.Moments.DetectorDictionaryFiber (4.5s)
✔ [6523/7061] Built OAI.NumberTheory.DirichletL.Reflection.OriginalSaving (4.4s)
✔ [6524/7061] Built OAI.NumberTheory.DirichletL.Reflection.CanonicalCaps (4.4s)
✔ [6525/7061] Built OAI.NumberTheory.DirichletL.Reflection.ActualSizeCapsUniformDegree (4.4s)
✔ [6526/7061] Built OAI.NumberTheory.DirichletL.Reflection.Pullback (4.3s)
✔ [6527/7061] Built OAI.NumberTheory.DirichletL.Descent.GlobalPriorityFixedChildStepUniform (10s)
✔ [6528/7061] Built OAI.NumberTheory.DirichletL.Reflection.InactiveAggregation (4.4s)
✔ [6529/7061] Built OAI.NumberTheory.DirichletL.PrimeRows.CubeSupportedWitness (4.4s)
✔ [6530/7061] Built OAI.NumberTheory.DirichletL.PrimeRows.NormalizedTransportSaving (6.5s)
✔ [6531/7061] Built OAI.NumberTheory.DirichletL.Reflection.LowCaps (5.2s)
✔ [6532/7061] Built OAI.NumberTheory.DirichletL.Descent.FirstLabelCellStepChildren (4.2s)
✔ [6533/7061] Built OAI.NumberTheory.DirichletL.Reflection.OriginalMask (5.2s)
✔ [6534/7061] Built OAI.NumberTheory.DirichletL.Moments.FirstReferenceBlock (5.8s)
✔ [6535/7061] Built OAI.NumberTheory.DirichletL.Moments.SecondExceptionalBudget (10s)
✔ [6536/7061] Built OAI.NumberTheory.DirichletL.PrimeRows.CubeCommonProfile (5.2s)
✔ [6537/7061] Built OAI.NumberTheory.DirichletL.Moments.SecondFrozenPhysical (5.2s)
✔ [6538/7061] Built OAI.NumberTheory.DirichletL.Descent.FirstDyadicRetainedBudget (4.6s)
✔ [6539/7061] Built OAI.NumberTheory.DirichletL.Moments.SecondNonexceptionalChosenBlock (5.4s)
✔ [6540/7061] Built OAI.NumberTheory.DirichletL.Reflection.LowExponent (6.0s)
✔ [6541/7061] Built OAI.NumberTheory.DirichletL.Moments.FiniteProfileExceptionalFixedQBlock (5.1s)
✔ [6542/7061] Built OAI.NumberTheory.DirichletL.Moments.FiniteProfileExceptionalPhysicalRows (5.3s)
✔ [6543/7061] Built OAI.NumberTheory.DirichletL.Moments.DetectorDictionarySource (3.8s)
✔ [6544/7061] Built OAI.NumberTheory.DirichletL.Reflection.InactiveEnergy (3.8s)
✔ [6545/7061] Built OAI.NumberTheory.DirichletL.Reflection.OriginalExponent (4.2s)
✔ [6546/7061] Built OAI.NumberTheory.DirichletL.Reflection.CanonicalParameters (4.3s)
✔ [6547/7061] Built OAI.NumberTheory.DirichletL.Detector.SourceBatch (4.3s)
✔ [6548/7061] Built OAI.NumberTheory.DirichletL.Descent.FirstLabelCellStepData (3.9s)
✔ [6549/7061] Built OAI.NumberTheory.DirichletL.Reflection.RowReindex (3.8s)
✔ [6550/7061] Built OAI.NumberTheory.DirichletL.Descent.FirstCanonicalChildren (3.9s)
✔ [6551/7061] Built OAI.NumberTheory.DirichletL.Descent.FirstLiveColumnScale (13s)
✔ [6552/7061] Built OAI.NumberTheory.DirichletL.PrimeRows.CubePrimeBound (8.1s)
✔ [6553/7061] Built OAI.NumberTheory.DirichletL.Moments.FirstReferenceSource (5.0s)
✔ [6554/7061] Built OAI.NumberTheory.DirichletL.Descent.FirstDyadicPriorityBudget (4.2s)
✔ [6555/7061] Built OAI.NumberTheory.DirichletL.Energy.ChildState (4.4s)
✔ [6556/7061] Built OAI.NumberTheory.DirichletL.Reflection.OriginalChosen (6.7s)
✔ [6557/7061] Built OAI.NumberTheory.DirichletL.Detector.CentralCubeNorm (5.3s)
✔ [6558/7061] Built OAI.NumberTheory.DirichletL.Moments.SecondExceptionalPhysicalSaving (5.5s)
✔ [6559/7061] Built OAI.NumberTheory.DirichletL.Reflection.LowBranchSum (4.5s)
✔ [6560/7061] Built OAI.NumberTheory.DirichletL.Moments.SecondFrozenChosen (5.1s)
✔ [6561/7061] Built OAI.NumberTheory.DirichletL.Moments.FiniteProfileExceptionalPhysicalBudget (9.4s)
✔ [6562/7061] Built OAI.NumberTheory.DirichletL.Moments.FiniteProfileExceptionalPhysicalDyadic (4.6s)
✔ [6563/7061] Built OAI.NumberTheory.DirichletL.Reflection.FullEnergyBasic (3.8s)
✔ [6564/7061] Built OAI.NumberTheory.DirichletL.Reflection.SectorAggregation (3.9s)
✔ [6565/7061] Built OAI.NumberTheory.DirichletL.Reflection.SlotChoices (3.0s)
✔ [6566/7061] Built OAI.NumberTheory.DirichletL.Moments.NaturalFixedRaySourceFiber (4.4s)
✔ [6567/7061] Built OAI.NumberTheory.DirichletL.Moments.FiniteProfileExceptionalFixedQRows (5.3s)
✔ [6568/7061] Built OAI.NumberTheory.DirichletL.Moments.SecondRetainedRatioCost (6.3s)
✔ [6569/7061] Built OAI.NumberTheory.DirichletL.Reflection.OriginalBranchSum (4.4s)
✔ [6570/7061] Built OAI.NumberTheory.DirichletL.Moments.SecondNonexceptionalCost (6.4s)
✔ [6571/7061] Built OAI.NumberTheory.DirichletL.Reflection.CompletedAggregation (3.9s)
✔ [6572/7061] Built OAI.NumberTheory.DirichletL.Descent.CanonicalChildSupport (3.0s)
✔ [6573/7061] Built OAI.NumberTheory.DirichletL.Detector.SourceAmplitudeClasses (4.4s)
✔ [6574/7061] Built OAI.NumberTheory.DirichletL.Descent.FirstLabelCellStepPhysicalGates (4.6s)
✔ [6575/7061] Built OAI.NumberTheory.DirichletL.Reflection.SourceSelection (3.6s)
✔ [6576/7061] Built OAI.NumberTheory.DirichletL.Energy.FirstAnnularAdmission (4.3s)
✔ [6577/7061] Built OAI.NumberTheory.DirichletL.Moments.SecondExceptionalCommonSaving (3.7s)
✔ [6578/7061] Built OAI.NumberTheory.DirichletL.Detector.CentralDyadicWeight (3.8s)
✔ [6579/7061] Built OAI.NumberTheory.DirichletL.Descent.FirstDyadicFullEnergy (4.8s)
✔ [6580/7061] Built OAI.NumberTheory.DirichletL.Moments.FirstChildProfileControl (3.0s)
✔ [6581/7061] Built OAI.NumberTheory.DirichletL.Moments.FirstReferenceEnergy (5.2s)
✔ [6582/7061] Built OAI.NumberTheory.DirichletL.Reflection.SectorCover (3.5s)
✔ [6583/7061] Built OAI.NumberTheory.DirichletL.Reflection.SlotMass (3.9s)
✔ [6584/7061] Built OAI.NumberTheory.DirichletL.Moments.FiniteProfileExceptionalPhysicalSaving (4.8s)
✔ [6585/7061] Built OAI.NumberTheory.DirichletL.Reflection.LowSector (5.0s)
✔ [6586/7061] Built OAI.NumberTheory.DirichletL.Moments.FiniteProfileExceptionalFixedQDyadic (4.2s)
✔ [6587/7061] Built OAI.NumberTheory.DirichletL.PrimeRows.CubeFixedPrimes (7.8s)
✔ [6588/7061] Built OAI.NumberTheory.DirichletL.Descent.FirstLabelCellStep (4.3s)
✔ [6589/7061] Built OAI.NumberTheory.DirichletL.Reflection.OriginalSector (5.3s)
✔ [6590/7061] Built OAI.NumberTheory.DirichletL.Moments.SecondNonexceptionalLiveSource (5.5s)
✔ [6591/7061] Built OAI.NumberTheory.DirichletL.Moments.SecondFrozenRatioCost (5.9s)
✔ [6592/7061] Built OAI.NumberTheory.DirichletL.Descent.CanonicalLongSource (3.0s)
✔ [6593/7061] Built OAI.NumberTheory.DirichletL.Detector.CentralMixedMargins (4.6s)
✔ [6594/7061] Built OAI.NumberTheory.DirichletL.Moments.FirstErrorAllocationPower (3.0s)
✔ [6595/7061] Built OAI.NumberTheory.DirichletL.Reflection.WholePair (3.9s)
✔ [6596/7061] Built OAI.NumberTheory.DirichletL.Energy.FirstColumnPairing (3.9s)
✔ [6597/7061] Built OAI.NumberTheory.DirichletL.Reflection.TupleMasks (7.5s)
✔ [6598/7061] Built OAI.NumberTheory.DirichletL.Reflection.InactiveBudget (3.8s)
✔ [6599/7061] Built OAI.NumberTheory.DirichletL.Moments.SecondChildPowerBudget (4.6s)
✔ [6600/7061] Built OAI.NumberTheory.DirichletL.Energy.FirstPhysicalNormalization (4.5s)
✔ [6601/7061] Built OAI.NumberTheory.DirichletL.Reflection.LowRetained (4.3s)
✔ [6602/7061] Built OAI.NumberTheory.DirichletL.PrimeRows.CubeSlotExponent (3.0s)
✔ [6603/7061] Built OAI.NumberTheory.DirichletL.Descent.CanonicalLowerMoments (4.3s)
✔ [6604/7061] Built OAI.NumberTheory.DirichletL.Descent.CanonicalRankMoments (4.5s)
✔ [6605/7061] Built OAI.NumberTheory.DirichletL.Reflection.OriginalRetained (4.3s)
✔ [6606/7061] Built OAI.NumberTheory.DirichletL.Moments.FiniteProfileExceptionalPhysicalSaved (6.3s)
✔ [6607/7061] Built OAI.NumberTheory.DirichletL.Descent.FirstSecondHeightCost (4.8s)
✔ [6608/7061] Built OAI.NumberTheory.DirichletL.Descent.FirstLiveStepScalars (4.8s)
✔ [6609/7061] Built OAI.NumberTheory.DirichletL.Moments.FiniteProfileExceptionalFixedQSaved (6.2s)
✔ [6610/7061] Built OAI.NumberTheory.DirichletL.Descent.CanonicalLongCoefficient (3.9s)
✔ [6611/7061] Built OAI.NumberTheory.DirichletL.Descent.CanonicalLongNormalization (4.1s)
✔ [6612/7061] Built OAI.NumberTheory.DirichletL.Descent.CanonicalReopeningHeight (4.1s)
✔ [6613/7061] Built OAI.NumberTheory.DirichletL.Reflection.ActiveProducts (3.8s)
✔ [6614/7061] Built OAI.NumberTheory.DirichletL.Reflection.GlobalEnergy (3.9s)
✔ [6615/7061] Built OAI.NumberTheory.DirichletL.Reflection.SupportedChoices (4.1s)
✔ [6616/7061] Built OAI.NumberTheory.DirichletL.PrimeRows.NonfloorCount (4.4s)
✔ [6617/7061] Built OAI.NumberTheory.DirichletL.Reflection.OriginalSectorUniformDegree (6.0s)
✔ [6618/7061] Built OAI.NumberTheory.DirichletL.Moments.SecondFrozenLiveSource (6.2s)
✔ [6619/7061] Built OAI.NumberTheory.DirichletL.Moments.FirstAmplifiedPowerBudget (5.4s)
✔ [6620/7061] Built OAI.NumberTheory.DirichletL.Inversion.InitialCanonicalEnergy (3.0s)
✔ [6621/7061] Built OAI.NumberTheory.DirichletL.Descent.CanonicalRankMonotone (4.1s)
✔ [6622/7061] Built OAI.NumberTheory.DirichletL.Detector.CentralClassArithmetic (5.3s)
✔ [6623/7061] Built OAI.NumberTheory.DirichletL.Descent.CanonicalCompleteNormalized (3.8s)
✔ [6624/7061] Built OAI.NumberTheory.DirichletL.Descent.CanonicalLongGeometry (4.1s)
✔ [6625/7061] Built OAI.NumberTheory.DirichletL.Descent.CanonicalLongWeight (4.1s)
✔ [6626/7061] Built OAI.NumberTheory.DirichletL.PrimeRows.CubeFloorArithmetic (5.8s)
✔ [6627/7061] Built OAI.NumberTheory.DirichletL.Reflection.SlotCoefficients (3.7s)
✔ [6628/7061] Built OAI.NumberTheory.DirichletL.Reflection.RetainedBudget (5.3s)
✔ [6629/7061] Built OAI.NumberTheory.DirichletL.Moments.FiniteProfileExceptionalPhysicalUniform (5.2s)
✔ [6630/7061] Built OAI.NumberTheory.DirichletL.Descent.CanonicalLongFull (4.6s)
✔ [6631/7061] Built OAI.NumberTheory.DirichletL.Descent.FirstLiveActualStep (5.1s)
✔ [6632/7061] Built OAI.NumberTheory.DirichletL.Detector.FinalAssemblyCountParameters (3.0s)
✔ [6633/7061] Built OAI.NumberTheory.DirichletL.Moments.FiniteProfileExceptionalFixedQUniform (5.1s)
✔ [6634/7061] Built OAI.NumberTheory.DirichletL.Reflection.OriginalRetainedUniformDegree (4.4s)
✔ [6635/7061] Built OAI.NumberTheory.DirichletL.PrimeRows.NonfloorBudget (4.0s)
✔ [6636/7061] Built OAI.NumberTheory.DirichletL.Descent.CanonicalRankCapChildren (4.0s)
✔ [6637/7061] Built OAI.NumberTheory.DirichletL.Reflection.SelectedExpansion (15s)
✔ [6638/7061] Built OAI.NumberTheory.DirichletL.Moments.FirstAmplifiedFourCoefficients (5.8s)
✔ [6639/7061] Built OAI.NumberTheory.DirichletL.Reflection.CubeSlots (3.5s)
✔ [6640/7061] Built OAI.NumberTheory.DirichletL.Detector.CentralClassPartition (4.2s)
✔ [6641/7061] Built OAI.NumberTheory.DirichletL.Reflection.FixedTuples (3.8s)
✔ [6642/7061] Built OAI.NumberTheory.DirichletL.Reflection.InactiveRows (3.8s)
✔ [6643/7061] Built OAI.NumberTheory.DirichletL.Descent.CanonicalLongBins (8.2s)
✔ [6644/7061] Built OAI.NumberTheory.DirichletL.Reflection.TupleMembers (4.1s)
✔ [6645/7061] Built OAI.NumberTheory.DirichletL.Reflection.OriginalSlotSupport (4.1s)
✔ [6646/7061] Built OAI.NumberTheory.DirichletL.Descent.FirstLiveHeightStep (4.0s)
✔ [6647/7061] Built OAI.NumberTheory.DirichletL.PrimeRows.CubeFloorGlobal (4.3s)
✔ [6648/7061] Built OAI.NumberTheory.DirichletL.Reflection.LowRetainedBudget (11s)
✔ [6649/7061] Built OAI.NumberTheory.DirichletL.Descent.CanonicalLongIntegral (4.4s)
✔ [6650/7061] Built OAI.NumberTheory.DirichletL.PrimeRows.NonfloorSourceCount (4.2s)
✔ [6651/7061] Built OAI.NumberTheory.DirichletL.Reflection.RetainedBudgetUniformDegree (4.7s)
✔ [6652/7061] Built OAI.NumberTheory.DirichletL.Moments.SecondExceptionalFixedQChosenBlock (5.3s)
✔ [6653/7061] Built OAI.NumberTheory.DirichletL.Energy.CanonicalAmplifiedColumn (3.7s)
✔ [6654/7061] Built OAI.NumberTheory.DirichletL.Descent.CanonicalLiveBinRank (4.2s)
✔ [6655/7061] Built OAI.NumberTheory.DirichletL.Reflection.CubeSlotChoices (3.5s)
✔ [6656/7061] Built OAI.NumberTheory.DirichletL.PrimeRows.NonfloorDictionary (3.6s)
✔ [6657/7061] Built OAI.NumberTheory.DirichletL.Reflection.TupleDyads (3.5s)
✔ [6658/7061] Built OAI.NumberTheory.DirichletL.Descent.CanonicalLongCount (3.5s)
✔ [6659/7061] Built OAI.NumberTheory.DirichletL.Reflection.ChoiceTransport (3.6s)
✔ [6660/7061] Built OAI.NumberTheory.DirichletL.Reflection.OriginalChoiceControl (3.8s)
✔ [6661/7061] Built OAI.NumberTheory.DirichletL.Energy.FirstHighFourCoefficients (4.0s)
✔ [6662/7061] Built OAI.NumberTheory.DirichletL.PrimeRows.CubeFloorGlobalIntegral (4.2s)
✔ [6663/7061] Built OAI.NumberTheory.DirichletL.Reflection.ActualSelected (5.8s)
✔ [6664/7061] Built OAI.NumberTheory.DirichletL.Detector.FinalAssemblySourceCount (3.9s)
✔ [6665/7061] Built OAI.NumberTheory.DirichletL.Descent.FirstTwoPassEnergy (5.7s)
✔ [6666/7061] Built OAI.NumberTheory.DirichletL.PrimeRows.NonfloorMoments (3.1s)
✔ [6667/7061] Built OAI.NumberTheory.DirichletL.PrimeRows.NonfloorExponent (4.7s)
✔ [6668/7061] Built OAI.NumberTheory.DirichletL.Reflection.OriginalCellBounds (3.2s)
✔ [6669/7061] Built OAI.NumberTheory.DirichletL.Descent.CanonicalLongCaller (3.2s)
✔ [6670/7061] Built OAI.NumberTheory.DirichletL.Reflection.DyadSelection (3.3s)
✔ [6671/7061] Built OAI.NumberTheory.DirichletL.Reflection.CubeSlotSource (3.8s)
✔ [6672/7061] Built OAI.NumberTheory.DirichletL.Moments.SecondExceptionalFixedQSource (5.3s)
✔ [6673/7061] Built OAI.NumberTheory.DirichletL.Reflection.OriginalChoicePhysical (3.4s)
✔ [6674/7061] Built OAI.NumberTheory.DirichletL.Reflection.OriginalWeights (3.1s)
✔ [6675/7061] Built OAI.NumberTheory.DirichletL.PrimeRows.CubeFloorNormalized (3.6s)
✔ [6676/7061] Built OAI.NumberTheory.DirichletL.Detector.FinalAssemblyMomentMono (3.0s)
✔ [6677/7061] Built OAI.NumberTheory.DirichletL.Reflection.CellArithmetic (3.0s)
✔ [6678/7061] Built OAI.NumberTheory.DirichletL.Reflection.DyadReassembly (3.2s)
✔ [6679/7061] Built OAI.NumberTheory.DirichletL.Descent.CanonicalLongAggregate (3.2s)
✔ [6680/7061] Built OAI.NumberTheory.DirichletL.Reflection.CubeSlotBounds (3.3s)
✔ [6681/7061] Built OAI.NumberTheory.DirichletL.Moments.SecondExceptionalUniformSource (3.3s)
✔ [6682/7061] Built OAI.NumberTheory.DirichletL.Descent.TwoPassScalar (4.5s)
✔ [6683/7061] Built OAI.NumberTheory.DirichletL.Reflection.OriginalFull (14s)
✔ [6684/7061] Built OAI.NumberTheory.DirichletL.PrimeRows.NonfloorClass (4.5s)
✔ [6685/7061] Built OAI.NumberTheory.DirichletL.Reflection.OriginalAggregation (3.2s)
✔ [6686/7061] Built OAI.NumberTheory.DirichletL.PrimeRows.CubeFloorSaving (3.5s)
✔ [6687/7061] Built OAI.NumberTheory.DirichletL.Reflection.LowFull (11s)
✔ [6688/7061] Built OAI.NumberTheory.DirichletL.Reflection.MarkedTuples (4.8s)
✔ [6689/7061] Built OAI.NumberTheory.DirichletL.Reflection.CubeSlotEnergy (2.9s)
✔ [6690/7061] Built OAI.NumberTheory.DirichletL.Reflection.DyadCompletionEnergy (3.3s)
✔ [6691/7061] Built OAI.NumberTheory.DirichletL.Moments.SecondSourceRemainder (3.0s)
✔ [6692/7061] Built OAI.NumberTheory.DirichletL.Descent.FirstTwoPassParentEnergy (4.1s)
✔ [6693/7061] Built OAI.NumberTheory.DirichletL.Reflection.SourceCost (3.5s)
✔ [6694/7061] Built OAI.NumberTheory.DirichletL.Descent.CanonicalLongFinite (4.0s)
✔ [6695/7061] Built OAI.NumberTheory.DirichletL.Detector.FinalAssemblyClass (4.4s)
✔ [6696/7061] Built OAI.NumberTheory.DirichletL.PrimeRows.CubeFloorCollected (3.9s)
✔ [6697/7061] Built OAI.NumberTheory.DirichletL.Reflection.PunctureAbsorption (2.0s)
✔ [6698/7061] Built OAI.NumberTheory.DirichletL.Reflection.MemberChoiceTransport (3.1s)
✔ [6699/7061] Built OAI.NumberTheory.DirichletL.PrimeRows.NonfloorArithmetic (4.0s)
✔ [6700/7061] Built OAI.NumberTheory.DirichletL.Reflection.FullBudget (5.4s)
✔ [6701/7061] Built OAI.NumberTheory.DirichletL.Reflection.InactiveSource (3.4s)
✔ [6702/7061] Built OAI.NumberTheory.DirichletL.Reflection.LowFullBudget (5.2s)
✔ [6703/7061] Built OAI.NumberTheory.DirichletL.Reflection.SourceBudget (3.5s)
✔ [6704/7061] Built OAI.NumberTheory.DirichletL.Reflection.OriginalSplitReflection (5.5s)
✔ [6705/7061] Built OAI.NumberTheory.DirichletL.Descent.CanonicalLongTotal (3.6s)
✔ [6706/7061] Built OAI.NumberTheory.DirichletL.Descent.CanonicalLongParent (4.1s)
✔ [6707/7061] Built OAI.NumberTheory.DirichletL.Reflection.PuncturedMarks (3.0s)
✔ [6708/7061] Built OAI.NumberTheory.DirichletL.Descent.FirstTwoPassLowerRank (4.2s)
✔ [6709/7061] Built OAI.NumberTheory.DirichletL.Detector.LowTruePeriodPuncture (3.3s)
✔ [6710/7061] Built OAI.NumberTheory.DirichletL.Reflection.GlobalBudget (3.7s)
✔ [6711/7061] Built OAI.NumberTheory.DirichletL.Moments.SecondFrozenLiveDescent (5.4s)
✔ [6712/7061] Built OAI.NumberTheory.DirichletL.Moments.SecondLiveSourceDescent (5.5s)
✔ [6713/7061] Built OAI.NumberTheory.DirichletL.PrimeRows.NonfloorIntegral (4.3s)
✔ [6714/7061] Built OAI.NumberTheory.DirichletL.PrimeRows.NonfloorTransport (5.2s)
✔ [6715/7061] Built OAI.NumberTheory.DirichletL.Detector.FinalAssemblyArithmetic (5.7s)
✔ [6716/7061] Built OAI.NumberTheory.DirichletL.Reflection.DyadBudget (3.4s)
✔ [6717/7061] Built OAI.NumberTheory.DirichletL.Descent.CanonicalLongKeys (2.9s)
✔ [6718/7061] Built OAI.NumberTheory.DirichletL.Reflection.OriginalActiveReflection (3.5s)
✔ [6719/7061] Built OAI.NumberTheory.DirichletL.Reflection.OriginalRetainedSlots (2.0s)
✔ [6720/7061] Built OAI.NumberTheory.DirichletL.Reflection.PunctureLists (3.1s)
✔ [6721/7061] Built OAI.NumberTheory.DirichletL.Detector.LowActualIdealLists (3.2s)
✔ [6722/7061] Built OAI.NumberTheory.DirichletL.Reflection.OriginalFullUniformDegree (12s)
✔ [6723/7061] Built OAI.NumberTheory.DirichletL.Descent.RecursionParameters (4.3s)
✔ [6724/7061] Built OAI.NumberTheory.DirichletL.Reflection.MemberBudget (3.3s)
✔ [6725/7061] Built OAI.NumberTheory.DirichletL.PrimeRows.NonfloorNormalized (3.6s)
✔ [6726/7061] Built OAI.NumberTheory.DirichletL.Reflection.CanonicalCellArithmetic (2.8s)
✔ [6727/7061] Built OAI.NumberTheory.DirichletL.Reflection.LowPunctureLists (2.8s)
✔ [6728/7061] Built OAI.NumberTheory.DirichletL.Detector.LowRemoteMass (3.2s)
✔ [6729/7061] Built OAI.NumberTheory.DirichletL.Detector.FinalAssemblyIntegral (3.9s)
✔ [6730/7061] Built OAI.NumberTheory.DirichletL.Descent.CanonicalLongUniformTestBin (4.3s)
✔ [6731/7061] Built OAI.NumberTheory.DirichletL.Reflection.LowGlobalBudget (8.7s)
✔ [6732/7061] Built OAI.NumberTheory.DirichletL.PrimeRows.NonfloorDyadic (2.9s)
✔ [6733/7061] Built OAI.NumberTheory.DirichletL.Detector.LowActualReflectedEnergy (4.4s)
✔ [6734/7061] Built OAI.NumberTheory.DirichletL.Reflection.MemberGeometry (3.5s)
✔ [6735/7061] Built OAI.NumberTheory.DirichletL.Reflection.FullBudgetUniformDegree (4.7s)
✔ [6736/7061] Built OAI.NumberTheory.DirichletL.Detector.FinalAssemblyNormalized (3.4s)
✔ [6737/7061] Built OAI.NumberTheory.DirichletL.Moments.SecondUniformSubsetSource (8.9s)
✔ [6738/7061] Built OAI.NumberTheory.DirichletL.Reflection.LowMemberBudget (3.2s)
✔ [6739/7061] Built OAI.NumberTheory.DirichletL.Descent.CanonicalLongHeightBin (3.9s)
✔ [6740/7061] Built OAI.NumberTheory.DirichletL.Reflection.CanonicalEnergy (4.1s)
✔ [6741/7061] Built OAI.NumberTheory.DirichletL.Reflection.GlobalBudgetUniformDegree (3.2s)
✔ [6742/7061] Built OAI.NumberTheory.DirichletL.Reflection.LowMemberGeometry (3.2s)
✔ [6743/7061] Built OAI.NumberTheory.DirichletL.Moments.SecondSourcePowerDescent (4.8s)
✔ [6744/7061] Built OAI.NumberTheory.DirichletL.Reflection.MemberBudgetUniformDegree (3.0s)
✔ [6745/7061] Built OAI.NumberTheory.DirichletL.Reflection.CanonicalDyads (3.7s)
✔ [6746/7061] Built OAI.NumberTheory.DirichletL.Moments.SecondFrozenUniformSubset (7.9s)
✔ [6747/7061] Built OAI.NumberTheory.DirichletL.Reflection.MemberGeometryUniformDegree (3.2s)
✔ [6748/7061] Built OAI.NumberTheory.DirichletL.PrimeRows.NonfloorCollected (10s)
✔ [6749/7061] Built OAI.NumberTheory.DirichletL.Reflection.CanonicalChoiceEnergy (3.6s)
✔ [6750/7061] Built OAI.NumberTheory.DirichletL.Reflection.CanonicalEnergyUniformDegree (4.2s)
✔ [6751/7061] Built OAI.NumberTheory.DirichletL.Reflection.CanonicalInactiveEnergy (3.2s)
✔ [6752/7061] Built OAI.NumberTheory.DirichletL.Moments.SecondFrozenPowerDescent (4.5s)
✔ [6753/7061] Built OAI.NumberTheory.DirichletL.Moments.SecondSourceSeededPowerDescent (7.8s)
✔ [6754/7061] Built OAI.NumberTheory.DirichletL.PrimeRows.HighFromMoments (5.2s)
✔ [6755/7061] Built OAI.NumberTheory.DirichletL.Reflection.SourcePhysical (2.5s)
✔ [6756/7061] Built OAI.NumberTheory.DirichletL.Moments.SecondReferenceNormalization (3.1s)
✔ [6757/7061] Built OAI.NumberTheory.DirichletL.Reflection.CanonicalDyadsUniformDegree (3.9s)
✔ [6758/7061] Built OAI.NumberTheory.DirichletL.Energy.FirstGaussianCoefficients (3.8s)
✔ [6759/7061] Built OAI.NumberTheory.DirichletL.Detector.FinalAssemblyCollected (9.5s)
✔ [6760/7061] Built OAI.NumberTheory.DirichletL.Reflection.CompletedFiberSource (3.1s)
✔ [6761/7061] Built OAI.NumberTheory.DirichletL.Energy.FirstHighNormalizedGaussianPowers (3.1s)
✔ [6762/7061] Built OAI.NumberTheory.DirichletL.Reflection.CanonicalFrozenEnergy (4.7s)
✔ [6763/7061] Built OAI.NumberTheory.DirichletL.Energy.FirstNormalizedGaussianPowers (3.2s)
✔ [6764/7061] Built OAI.NumberTheory.DirichletL.Reflection.CanonicalChoiceEnergyUniformDegree (3.0s)
✔ [6765/7061] Built OAI.NumberTheory.DirichletL.Moments.SecondFrozenSeededPowerDescent (8.2s)
✔ [6766/7061] Built OAI.NumberTheory.DirichletL.Reflection.CompletedCanonicalEnergy (3.4s)
✔ [6767/7061] Built OAI.NumberTheory.DirichletL.Detector.FinalAssemblyHigh (5.2s)
✔ [6768/7061] Built OAI.NumberTheory.DirichletL.Reflection.CanonicalInactiveEnergyUniformDegree (3.1s)
✔ [6769/7061] Built OAI.NumberTheory.DirichletL.Moments.SecondFrozenReferenceSeededPowerDescent (4.6s)
✔ [6770/7061] Built OAI.NumberTheory.DirichletL.Energy.FirstGaussianProfileWeights (9.0s)
✔ [6771/7061] Built OAI.NumberTheory.DirichletL.Reflection.CompletedRowsEnergy (3.1s)
✔ [6772/7061] Built OAI.NumberTheory.DirichletL.Reflection.LowFixedMember (4.3s)
✔ [6773/7061] Built OAI.NumberTheory.DirichletL.Reflection.CanonicalFrozenEnergyUniformDegree (4.6s)
✔ [6774/7061] Built OAI.NumberTheory.DirichletL.Reflection.OriginalCompletedEnergy (2.7s)
✔ [6775/7061] Built OAI.NumberTheory.DirichletL.Energy.FirstHighGaussianUniformPowers (3.4s)
✔ [6776/7061] Built OAI.NumberTheory.DirichletL.Energy.FirstStageLossBudget (4.0s)
✔ [6777/7061] Built OAI.NumberTheory.DirichletL.Moments.FirstSeededGaussianPower (4.2s)
✔ [6778/7061] Built OAI.NumberTheory.DirichletL.Reflection.LowDyads (3.8s)
✔ [6779/7061] Built OAI.NumberTheory.DirichletL.Reflection.CompletedCanonicalEnergyUniformDegree (3.3s)
✔ [6780/7061] Built OAI.NumberTheory.DirichletL.Energy.FirstLowHomogeneousPowers (3.2s)
✔ [6781/7061] Built OAI.NumberTheory.DirichletL.Reflection.CubeCompletedEnergy (4.2s)
✔ [6782/7061] Built OAI.NumberTheory.DirichletL.Reflection.CompletedRowsEnergyUniformDegree (2.0s)
✔ [6783/7061] Built OAI.NumberTheory.DirichletL.Energy.FirstDeclaredCapacityLossBudget (4.0s)
✔ [6784/7061] Built OAI.NumberTheory.DirichletL.Reflection.LowChoiceEnergy (3.7s)
✔ [6785/7061] Built OAI.NumberTheory.DirichletL.Descent.ShortReflectedEnergy (3.0s)
✔ [6786/7061] Built OAI.NumberTheory.DirichletL.Reflection.OriginalCompletedEnergyUniformDegree (2.7s)
✔ [6787/7061] Built OAI.NumberTheory.DirichletL.Energy.FirstActualFrequencyBudget (2.9s)
✔ [6788/7061] Built OAI.NumberTheory.DirichletL.Reflection.LowInactiveEnergy (3.0s)
✔ [6789/7061] Built OAI.NumberTheory.DirichletL.Descent.ShortReflectedPower (2.0s)
✔ [6790/7061] Built OAI.NumberTheory.DirichletL.Reflection.CubeCompletedEnergyUniformDegree (3.8s)
✔ [6791/7061] Built OAI.NumberTheory.DirichletL.Moments.FirstNestedSeededGaussianPower (11s)
✔ [6792/7061] Built OAI.NumberTheory.DirichletL.Reflection.LowFrozenEnergy (4.2s)
✔ [6793/7061] Built OAI.NumberTheory.DirichletL.Inversion.ShortCanonicalNormalization (3.2s)
✔ [6794/7061] Built OAI.NumberTheory.DirichletL.Inversion.ReflectedShortUniformDegree (2.9s)
✔ [6795/7061] Built OAI.NumberTheory.DirichletL.Reflection.LowCompletedFiber (3.0s)
✔ [6796/7061] Built OAI.NumberTheory.DirichletL.Inversion.CanonicalShortAttachment (2.9s)
✔ [6797/7061] Built OAI.NumberTheory.DirichletL.Inversion.ReflectedShortPowerUniformDegree (2.5s)
✔ [6798/7061] Built OAI.NumberTheory.DirichletL.Reflection.LowCompletedRows (2.8s)
✔ [6799/7061] Built OAI.NumberTheory.DirichletL.Inversion.ReflectedShortGeneratorUniformDegree (2.0s)
✔ [6800/7061] Built OAI.NumberTheory.DirichletL.Reflection.LowOriginalEnergy (2.5s)
✔ [6801/7061] Built OAI.NumberTheory.DirichletL.Inversion.ReflectedShortNormalizedUniformDegree (2.4s)
✔ [6802/7061] Built OAI.NumberTheory.DirichletL.Descent.CanonicalShortFinite (2.7s)
✔ [6803/7061] Built OAI.NumberTheory.DirichletL.Detector.LowSelectedBound (5.3s)
✔ [6804/7061] Built OAI.NumberTheory.DirichletL.Descent.CanonicalCompleteState (3.7s)
✔ [6805/7061] Built OAI.NumberTheory.DirichletL.Detector.LowNominalEnergy (2.6s)
✔ [6806/7061] Built OAI.NumberTheory.DirichletL.Descent.CanonicalLongCosts (2.4s)
✔ [6807/7061] Built OAI.NumberTheory.DirichletL.Detector.LowPhysicalInverseBound (2.9s)
✔ [6808/7061] Built OAI.NumberTheory.DirichletL.Descent.CanonicalCompleteBudget (2.7s)
✔ [6809/7061] Built OAI.NumberTheory.DirichletL.Detector.LowCentralTuple (3.3s)
✔ [6810/7061] Built OAI.NumberTheory.DirichletL.Detector.LowGaussianDyad (2.8s)
✔ [6811/7061] Built OAI.NumberTheory.DirichletL.Detector.LowGaussianRemote (3.2s)
✔ [6812/7061] Built OAI.NumberTheory.DirichletL.Descent.CanonicalCompleteChildren (10s)
✔ [6813/7061] Built OAI.NumberTheory.DirichletL.Detector.LowGaussianCentral (2.9s)
✔ [6814/7061] Built OAI.NumberTheory.DirichletL.Descent.CanonicalCompleteRank (3.8s)
✔ [6815/7061] Built OAI.NumberTheory.DirichletL.Detector.LowGaussianSum (2.6s)
✔ [6816/7061] Built OAI.NumberTheory.DirichletL.Descent.CanonicalCompleteRankNormalized (3.3s)
✔ [6817/7061] Built OAI.NumberTheory.DirichletL.Detector.LowCommonBound (2.8s)
✔ [6818/7061] Built OAI.NumberTheory.DirichletL.Descent.CanonicalRankPuncture (2.4s)
✔ [6819/7061] Built OAI.NumberTheory.DirichletL.Detector.LowWindowBound (2.8s)
✔ [6820/7061] Built OAI.NumberTheory.DirichletL.Descent.CanonicalRankFamilyGates (2.6s)
✔ [6821/7061] Built OAI.NumberTheory.DirichletL.Descent.CanonicalRankExistenceData (2.8s)
✔ [6822/7061] Built OAI.NumberTheory.DirichletL.Detector.LowNormalized (2.8s)
✔ [6823/7061] Built OAI.NumberTheory.DirichletL.Descent.CanonicalRankEnergyMonotone (2.6s)
✔ [6824/7061] Built OAI.NumberTheory.DirichletL.Detector.FinalAssemblySource (2.7s)
✔ [6825/7061] Built OAI.NumberTheory.DirichletL.Descent.CanonicalRankDepthParameters (4.3s)
✔ [6826/7061] Built OAI.NumberTheory.DirichletL.Descent.CanonicalEnergyExistenceData (2.6s)
✔ [6827/7061] Built OAI.NumberTheory.DirichletL.Detector.FinalAssemblyData (2.5s)
✔ [6828/7061] Built OAI.NumberTheory.DirichletL.Descent.CanonicalRankExistenceSuccessor (6.5s)
✔ [6829/7061] Built OAI.NumberTheory.DirichletL.Descent.CanonicalRankExistenceInduction (2.5s)
✔ [6830/7061] Built OAI.NumberTheory.DirichletL.Detector.DetectorMomentFiberGates (2.6s)
✔ [6831/7061] Built OAI.NumberTheory.DirichletL.Detector.FinalAssemblyMomentInput (2.9s)
✔ [6832/7061] Built OAI.NumberTheory.DirichletL.Moments.DetectorPlainSlotProfile (2.8s)
✔ [6833/7061] Built OAI.NumberTheory.DirichletL.Moments.NaturalFixedRaySourceBatch (3.6s)
✔ [6834/7061] Built OAI.NumberTheory.DirichletL.Descent.CanonicalRankExistence (2.5s)
✔ [6835/7061] Built OAI.NumberTheory.DirichletL.Moments.DetectorPlainFiberSource (3.4s)
✔ [6836/7061] Built OAI.NumberTheory.DirichletL.Moments.NaturalFixedRaySourceCapacity (2.8s)
✔ [6837/7061] Built OAI.NumberTheory.DirichletL.Detector.DetectorMomentPrimeGeometry (3.8s)
✔ [6838/7061] Built OAI.NumberTheory.DirichletL.Detector.FinalAssemblyFixedHigh (4.9s)
✔ [6839/7061] Built OAI.NumberTheory.DirichletL.Moments.NaturalFixedRaySourceSupport (2.6s)
✔ [6840/7061] Built OAI.NumberTheory.DirichletL.Dictionary.InverseMarkedReferencePrimeGates (2.8s)
✔ [6841/7061] Built OAI.NumberTheory.DirichletL.Detector.FinalAssembly (2.6s)
✔ [6842/7061] Built OAI.NumberTheory.DirichletL.Moments.NaturalFixedRaySourceFixedIdeal (2.5s)
✔ [6843/7061] Built OAI.NumberTheory.DirichletL.Inversion.InitialRetainedPhysical (7.7s)
✔ [6844/7061] Built OAI.NumberTheory.DirichletL.Detector.FinalAssemblyChosenData (2.7s)
✔ [6845/7061] Built OAI.NumberTheory.DirichletL.Moments.NaturalFixedRaySourceFreeExceptional (2.9s)
✔ [6846/7061] Built OAI.NumberTheory.DirichletL.Moments.DetectorEnergyInitialState (3.1s)
✔ [6847/7061] Built OAI.NumberTheory.DirichletL.Inversion.InitialRetainedWindow (3.7s)
✔ [6848/7061] Built OAI.NumberTheory.DirichletL.Moments.DetectorPlainProfileControl (2.6s)
✔ [6849/7061] Built OAI.NumberTheory.DirichletL.Moments.NaturalFixedRaySourcePrimeGate (2.9s)
✔ [6850/7061] Built OAI.NumberTheory.DirichletL.Moments.DetectorPlainExceptional (3.3s)
✔ [6851/7061] Built OAI.NumberTheory.DirichletL.Inversion.InitialRetainedSum (3.4s)
✔ [6852/7061] Built OAI.NumberTheory.DirichletL.Moments.NaturalFixedRaySourcePrimeBound (2.7s)
✔ [6853/7061] Built OAI.NumberTheory.DirichletL.Moments.DetectorPlainStateDictionary (2.8s)
✔ [6854/7061] Built OAI.NumberTheory.DirichletL.Moments.NaturalFixedRaySourceNaturalPrime (2.7s)
✔ [6855/7061] Built OAI.NumberTheory.DirichletL.Inversion.InitialFiniteEnergy (3.6s)
✔ [6856/7061] Built OAI.NumberTheory.DirichletL.Moments.NaturalFixedRaySourceRayPrime (2.6s)
✔ [6857/7061] Built OAI.NumberTheory.DirichletL.Moments.RelativeCapacityRemoval (4.0s)
✔ [6858/7061] Built OAI.NumberTheory.DirichletL.Inversion.InitialTotalEnergy (3.3s)
✔ [6859/7061] Built OAI.NumberTheory.DirichletL.Moments.RayMaskedFloorSlots (3.7s)
✔ [6860/7061] Built OAI.NumberTheory.DirichletL.Inversion.InitialInputRadial (2.7s)
✔ [6861/7061] Built OAI.NumberTheory.DirichletL.Moments.DetectorPlainCapacity (3.0s)
✔ [6862/7061] Built OAI.NumberTheory.DirichletL.Dictionary.InverseRawInputBound (2.0s)
✔ [6863/7061] Built OAI.NumberTheory.DirichletL.Energy.CapacityRemoval (3.3s)
✔ [6864/7061] Built OAI.NumberTheory.DirichletL.Moments.RayMaskedFloorCoefficients (3.1s)
✔ [6865/7061] Built OAI.NumberTheory.DirichletL.Energy.AllocatedChildren (3.0s)
✔ [6866/7061] Built OAI.NumberTheory.DirichletL.Moments.RayMaskedFloorNatural (3.4s)
✔ [6867/7061] Built OAI.NumberTheory.DirichletL.Inversion.InitialTotalRows (3.4s)
✔ [6868/7061] Built OAI.NumberTheory.DirichletL.Energy.AllocatedBound (3.2s)
✔ [6869/7061] Built OAI.NumberTheory.DirichletL.Energy.ReferenceLowError (3.1s)
✔ [6870/7061] Built OAI.NumberTheory.DirichletL.Moments.RayMaskedFloorShared (3.2s)
✔ [6871/7061] Built OAI.NumberTheory.DirichletL.Inversion.InitialTotalFourier (3.1s)
✔ [6872/7061] Built OAI.NumberTheory.DirichletL.Dictionary.InverseRawReference (8.4s)
✔ [6873/7061] Built OAI.NumberTheory.DirichletL.Inversion.InitialOriginalHeight (2.5s)
✔ [6874/7061] Built OAI.NumberTheory.DirichletL.Inversion.InitialInputReindex (2.6s)
✔ [6875/7061] Built OAI.NumberTheory.DirichletL.Moments.RayMaskedFloorSource (3.5s)
✔ [6876/7061] Built OAI.NumberTheory.DirichletL.Detector.DetectorInverseRawField (2.8s)
✔ [6877/7061] Built OAI.NumberTheory.DirichletL.Inversion.InitialResidualTupleEnergy (3.2s)
✔ [6878/7061] Built OAI.NumberTheory.DirichletL.Moments.RayMaskedFloor (3.2s)
✔ [6879/7061] Built OAI.NumberTheory.DirichletL.Inversion.InitialResidualUniformEnergy (2.6s)
✔ [6880/7061] Built OAI.NumberTheory.DirichletL.Moments.RayMaskedFloorState (3.2s)
✔ [6881/7061] Built OAI.NumberTheory.DirichletL.Dictionary.InverseMarkedReferenceSourceEnergy (3.1s)
✔ [6882/7061] Built OAI.NumberTheory.DirichletL.Energy.Bands (3.2s)
✔ [6883/7061] Built OAI.NumberTheory.DirichletL.Dictionary.InverseMarkedReferencePaddedEnergy (3.0s)
✔ [6884/7061] Built OAI.NumberTheory.DirichletL.Energy.InputParentCapacity (3.1s)
✔ [6885/7061] Built OAI.NumberTheory.DirichletL.Energy.SlotHeight (3.1s)
✔ [6886/7061] Built OAI.NumberTheory.DirichletL.Moments.DetectorPlainRelativeClass (3.3s)
✔ [6887/7061] Built OAI.NumberTheory.DirichletL.Energy.PaidBands (3.4s)
✔ [6888/7061] Built OAI.NumberTheory.DirichletL.Energy.AllocatedZero (3.3s)
✔ [6889/7061] Built OAI.NumberTheory.DirichletL.Moments.DetectorPlainUnmarkedState (3.4s)
✔ [6890/7061] Built OAI.NumberTheory.DirichletL.Energy.BandMonotonicity (3.6s)
✔ [6891/7061] Built OAI.NumberTheory.DirichletL.Energy.ReferenceDeletionCapacity (3.6s)
✔ [6892/7061] Built OAI.NumberTheory.DirichletL.Energy.WidthFloor (3.7s)
✔ [6893/7061] Built OAI.NumberTheory.DirichletL.Moments.DetectorPlainMarkedState (3.8s)
✔ [6894/7061] Built OAI.NumberTheory.DirichletL.Dictionary.InverseMarkedReferenceDeletedEnergy (3.3s)
✔ [6895/7061] Built OAI.NumberTheory.DirichletL.Energy.Reindex (2.9s)
✔ [6896/7061] Built OAI.NumberTheory.DirichletL.Energy.ReferenceChild (3.4s)
✔ [6897/7061] Built OAI.NumberTheory.DirichletL.Energy.DeletedChildCapacity (3.5s)
✔ [6898/7061] Built OAI.NumberTheory.DirichletL.Energy.ReferenceDeletionClipped (2.0s)
✔ [6899/7061] Built OAI.NumberTheory.DirichletL.Moments.FirstAmplifiedCapacitySource (3.6s)
✔ [6900/7061] Built OAI.NumberTheory.DirichletL.Energy.PaidRemoval (3.3s)
✔ [6901/7061] Built OAI.NumberTheory.DirichletL.Energy.WidthInduction (3.4s)
✔ [6902/7061] Built OAI.NumberTheory.DirichletL.Moments.DetectorPlainMomentParameters (3.3s)
✔ [6903/7061] Built OAI.NumberTheory.DirichletL.Energy.BandSubtypeTransport (3.0s)
✔ [6904/7061] Built OAI.NumberTheory.DirichletL.Moments.AllocatedRayDictionary (3.8s)
✔ [6905/7061] Built OAI.NumberTheory.DirichletL.Energy.ReferenceChildProfiles (3.4s)
✔ [6906/7061] Built OAI.NumberTheory.DirichletL.Moments.FirstAmplifiedCapacityCommon (3.3s)
✔ [6907/7061] Built OAI.NumberTheory.DirichletL.Dictionary.InverseMarkedReferenceFiberEnergy (4.9s)
✔ [6908/7061] Built OAI.NumberTheory.DirichletL.Moments.FirstAmplifiedActiveCapacitySource (3.6s)
✔ [6909/7061] Built OAI.NumberTheory.DirichletL.Energy.CappedWidthInduction (3.2s)
✔ [6910/7061] Built OAI.NumberTheory.DirichletL.Energy.ReferenceLowBranchGeometry (4.2s)
✔ [6911/7061] Built OAI.NumberTheory.DirichletL.Detector.DetectorPlainUnmarkedField (3.8s)
✔ [6912/7061] Built OAI.NumberTheory.DirichletL.Detector.DetectorPlainMarkedFineField (4.5s)
✔ [6913/7061] Built OAI.NumberTheory.DirichletL.Energy.AllocatedPaid (3.5s)
✔ [6914/7061] Built OAI.NumberTheory.DirichletL.Energy.ReferenceLowBands (3.5s)
✔ [6915/7061] Built OAI.NumberTheory.DirichletL.Energy.ReferenceLowControl (3.5s)
✔ [6916/7061] Built OAI.NumberTheory.DirichletL.Energy.CappedRadialTransport (3.3s)
✔ [6917/7061] Built OAI.NumberTheory.DirichletL.Moments.SecondInputCapacitySource (3.8s)
✔ [6918/7061] Built OAI.NumberTheory.DirichletL.Moments.FirstAmplifiedActiveAffine (3.6s)
✔ [6919/7061] Built OAI.NumberTheory.DirichletL.Energy.SourceInputReindexGates (4.1s)
✔ [6920/7061] Built OAI.NumberTheory.DirichletL.Energy.CappedBandTransport (3.5s)
✔ [6921/7061] Built OAI.NumberTheory.DirichletL.Energy.ZeroUnbalancedOriginalGates (3.4s)
✔ [6922/7061] Built OAI.NumberTheory.DirichletL.Detector.DetectorInverseMarkedField (4.3s)
✔ [6923/7061] Built OAI.NumberTheory.DirichletL.Energy.ReferenceLowWindow (3.7s)
✔ [6924/7061] Built OAI.NumberTheory.DirichletL.Energy.NaturalInputMatches (5.1s)
✔ [6925/7061] Built OAI.NumberTheory.DirichletL.Detector.DetectorPlainUnmarkedRestrictedField (4.3s)
✔ [6926/7061] Built OAI.NumberTheory.DirichletL.Energy.LowBandSubtype (3.3s)
✔ [6927/7061] Built OAI.NumberTheory.DirichletL.Energy.ReferenceLowChild (3.5s)
✔ [6928/7061] Built OAI.NumberTheory.DirichletL.Energy.ZeroGrowth (3.5s)
✔ [6929/7061] Built OAI.NumberTheory.DirichletL.Energy.AllocatedClipped (3.7s)
✔ [6930/7061] Built OAI.NumberTheory.DirichletL.Energy.ReferenceLowEmpty (3.7s)
✔ [6931/7061] Built OAI.NumberTheory.DirichletL.Energy.ZeroReferenceGeometry (4.1s)
✔ [6932/7061] Built OAI.NumberTheory.DirichletL.Energy.AmplifiedRayDictionary (8.4s)
✔ [6933/7061] Built OAI.NumberTheory.DirichletL.Detector.DetectorInverseFields (3.8s)
✔ [6934/7061] Built OAI.NumberTheory.DirichletL.Energy.ZeroReflectionSupport (3.9s)
✔ [6935/7061] Built OAI.NumberTheory.DirichletL.Energy.ReferenceLowDeletedGeometry (3.0s)
✔ [6936/7061] Built OAI.NumberTheory.DirichletL.Moments.FirstAmplifiedPaidAdmission (4.8s)
✔ [6937/7061] Built OAI.NumberTheory.DirichletL.Energy.OriginalProfileControl (4.6s)
✔ [6938/7061] Built OAI.NumberTheory.DirichletL.Energy.ReferenceLowDirect (3.5s)
✔ [6939/7061] Built OAI.NumberTheory.DirichletL.Energy.ReferenceProfileBudget (6.9s)
✔ [6940/7061] Built OAI.NumberTheory.DirichletL.Energy.ReferenceLowMoments (3.6s)
✔ [6941/7061] Built OAI.NumberTheory.DirichletL.Energy.LowBandEmpty (3.3s)
✔ [6942/7061] Built OAI.NumberTheory.DirichletL.Energy.ZeroReferenceChild (3.6s)
✔ [6943/7061] Built OAI.NumberTheory.DirichletL.Energy.AllocatedHomogeneous (3.8s)
✔ [6944/7061] Built OAI.NumberTheory.DirichletL.Energy.ZeroUnbalancedDeletedGeometry (3.7s)
✔ [6945/7061] Built OAI.NumberTheory.DirichletL.Energy.FirstRawScaleAdmission (3.8s)
✔ [6946/7061] Built OAI.NumberTheory.DirichletL.Detector.FinalAssemblyCertifiedBands (4.0s)
✔ [6947/7061] Built OAI.NumberTheory.DirichletL.Energy.AmplifiedChildWidth (4.6s)
✔ [6948/7061] Built OAI.NumberTheory.DirichletL.Energy.ZeroRetainedError (4.5s)
✔ [6949/7061] Built OAI.NumberTheory.DirichletL.Moments.FirstAmplifiedPaidReserve (4.3s)
✔ [6950/7061] Built OAI.NumberTheory.DirichletL.Energy.OriginalHighReflectionGeometry (4.5s)
✔ [6951/7061] Built OAI.NumberTheory.DirichletL.Energy.ZeroGrowthChild (3.1s)
✔ [6952/7061] Built OAI.NumberTheory.DirichletL.Energy.ZeroReferenceMoments (3.2s)
✔ [6953/7061] Built OAI.NumberTheory.DirichletL.Energy.ReferenceLowReflection (3.6s)
✔ [6954/7061] Built OAI.NumberTheory.DirichletL.Energy.CanonicalChildBound (3.4s)
✔ [6955/7061] Built OAI.NumberTheory.DirichletL.Energy.ZeroGrowthMoments (2.0s)
✔ [6956/7061] Built OAI.NumberTheory.DirichletL.Energy.FirstLiveAdmission (4.2s)
✔ [6957/7061] Built OAI.NumberTheory.DirichletL.Energy.ZeroReferenceReflection (3.5s)
✔ [6958/7061] Built OAI.NumberTheory.DirichletL.Energy.ReferenceLowReflectionError (3.3s)
✔ [6959/7061] Built OAI.NumberTheory.DirichletL.Energy.CanonicalLiveBound (3.8s)
✔ [6960/7061] Built OAI.NumberTheory.DirichletL.Energy.NaturalLowSourceBound (9.1s)
✔ [6961/7061] Built OAI.NumberTheory.DirichletL.Energy.ActiveChildRestoration (11s)
✔ [6962/7061] Built OAI.NumberTheory.DirichletL.Energy.SourceCapSchedule (3.1s)
✔ [6963/7061] Built OAI.NumberTheory.DirichletL.Energy.ZeroGrowthWindow (3.7s)
✔ [6964/7061] Built OAI.NumberTheory.DirichletL.Energy.FirstTwoSeedAdmission (4.1s)
✔ [6965/7061] Built OAI.NumberTheory.DirichletL.Energy.FirstSourceParameters (4.1s)
✔ [6966/7061] Built OAI.NumberTheory.DirichletL.Energy.FirstRightAdmission (4.2s)
✔ [6967/7061] Built OAI.NumberTheory.DirichletL.Energy.CanonicalLiveCapacity (3.6s)
✔ [6968/7061] Built OAI.NumberTheory.DirichletL.Energy.ZeroReferenceDeleted (4.9s)
✔ [6969/7061] Built OAI.NumberTheory.DirichletL.Energy.ZeroUnbalancedOriginalDeleted (4.9s)
✔ [6970/7061] Built OAI.NumberTheory.DirichletL.Energy.PositiveLowBandSource (3.8s)
✔ [6971/7061] Built OAI.NumberTheory.DirichletL.Energy.LiveClippingDefect (5.2s)
✔ [6972/7061] Built OAI.NumberTheory.DirichletL.Energy.OriginalHighReflectionDeleted (5.9s)
✔ [6973/7061] Built OAI.NumberTheory.DirichletL.Energy.CappedRequests (3.4s)
✔ [6974/7061] Built OAI.NumberTheory.DirichletL.Energy.ZeroGrowthReflection (3.5s)
✔ [6975/7061] Built OAI.NumberTheory.DirichletL.Energy.NaturalSourceAdmission (5.8s)
✔ [6976/7061] Built OAI.NumberTheory.DirichletL.Energy.CanonicalPaidSource (3.4s)
✔ [6977/7061] Built OAI.NumberTheory.DirichletL.Energy.PositiveLowSourceControlled (3.3s)
✔ [6978/7061] Built OAI.NumberTheory.DirichletL.Energy.ZeroReferenceOriginal (3.7s)
✔ [6979/7061] Built OAI.NumberTheory.DirichletL.Energy.ZeroUnbalancedOriginalSource (3.7s)
✔ [6980/7061] Built OAI.NumberTheory.DirichletL.Energy.DeletedRobustGeometry (3.9s)
✔ [6981/7061] Built OAI.NumberTheory.DirichletL.Energy.ZeroGrowthBounds (3.2s)
✔ [6982/7061] Built OAI.NumberTheory.DirichletL.Energy.OriginalHighReflectionOriginal (4.3s)
✔ [6983/7061] Built OAI.NumberTheory.DirichletL.Energy.CanonicalCommonPaid (3.7s)
✔ [6984/7061] Built OAI.NumberTheory.DirichletL.Energy.ZeroReferencePower (3.7s)
✔ [6985/7061] Built OAI.NumberTheory.DirichletL.Energy.ZeroUnbalancedOriginalPower (3.7s)
✔ [6986/7061] Built OAI.NumberTheory.DirichletL.Energy.ZeroReferenceBounded (3.9s)
✔ [6987/7061] Built OAI.NumberTheory.DirichletL.Energy.ReferenceRobustDeletedEnergy (5.2s)
✔ [6988/7061] Built OAI.NumberTheory.DirichletL.Energy.ZeroGrowthBounded (4.9s)
✔ [6989/7061] Built OAI.NumberTheory.DirichletL.Energy.CanonicalReferencePaid (3.5s)
✔ [6990/7061] Built OAI.NumberTheory.DirichletL.Energy.ZeroReferenceLive (3.1s)
✔ [6991/7061] Built OAI.NumberTheory.DirichletL.Energy.ZeroReferenceLiveBounded (2.0s)
✔ [6992/7061] Built OAI.NumberTheory.DirichletL.Energy.ZeroUnbalancedOriginal (3.3s)
✔ [6993/7061] Built OAI.NumberTheory.DirichletL.Energy.OriginalHighReflectionPower (6.4s)
✔ [6994/7061] Built OAI.NumberTheory.DirichletL.Energy.OriginalHighReflectionBounded (6.5s)
✔ [6995/7061] Built OAI.NumberTheory.DirichletL.Energy.ChildEnvelopeFitting (3.3s)
✔ [6996/7061] Built OAI.NumberTheory.DirichletL.Energy.ReferenceRobustOriginal (3.0s)
✔ [6997/7061] Built OAI.NumberTheory.DirichletL.Energy.ZeroReferencePhysical (3.3s)
✔ [6998/7061] Built OAI.NumberTheory.DirichletL.Energy.OriginalHighReflectionSymmetric (3.2s)
✔ [6999/7061] Built OAI.NumberTheory.DirichletL.Energy.CanonicalUniformReference (5.4s)
✔ [7000/7061] Built OAI.NumberTheory.DirichletL.Energy.ZeroGrowthOriginal (6.5s)
✔ [7001/7061] Built OAI.NumberTheory.DirichletL.Energy.CanonicalNestedReference (6.2s)
✔ [7002/7061] Built OAI.NumberTheory.DirichletL.Energy.ZeroReferencePhysicalBounded (3.4s)
✔ [7003/7061] Built OAI.NumberTheory.DirichletL.Energy.ReferenceRobustBounded (4.5s)
✔ [7004/7061] Built OAI.NumberTheory.DirichletL.Energy.OriginalHighReflectionSymmetricBounded (3.2s)
✔ [7005/7061] Built OAI.NumberTheory.DirichletL.Energy.ReferenceRobustPower (4.9s)
✔ [7006/7061] Built OAI.NumberTheory.DirichletL.Energy.ZeroGrowthConclusion (3.0s)
✔ [7007/7061] Built OAI.NumberTheory.DirichletL.Energy.ReferenceLiveBounded (2.9s)
✔ [7008/7061] Built OAI.NumberTheory.DirichletL.Energy.ReferenceLivePower (2.9s)
✔ [7009/7061] Built OAI.NumberTheory.DirichletL.Energy.CanonicalMainPaid (6.4s)
✔ [7010/7061] Built OAI.NumberTheory.DirichletL.Energy.ZeroGrowthContourBounded (3.1s)
✔ [7011/7061] Built OAI.NumberTheory.DirichletL.Energy.ZeroGrowthHighBound (7.1s)
✔ [7012/7061] Built OAI.NumberTheory.DirichletL.Energy.CanonicalMainUniform (3.5s)
✔ [7013/7061] Built OAI.NumberTheory.DirichletL.Energy.PositiveHighSource (4.2s)
✔ [7014/7061] Built OAI.NumberTheory.DirichletL.Energy.CanonicalErrorPaid (6.9s)
✔ [7015/7061] Built OAI.NumberTheory.DirichletL.Energy.PositiveHighSourceBounded (3.5s)
✔ [7016/7061] Built OAI.NumberTheory.DirichletL.Energy.PositiveHighAssembly (3.6s)
✔ [7017/7061] Built OAI.NumberTheory.DirichletL.Energy.PositiveHighParameters (4.1s)
✔ [7018/7061] Built OAI.NumberTheory.DirichletL.Energy.ZeroGrowthSource (5.4s)
✔ [7019/7061] Built OAI.NumberTheory.DirichletL.Energy.CanonicalMainGaussian (5.1s)
✔ [7020/7061] Built OAI.NumberTheory.DirichletL.Energy.PositiveHighAssemblyBounded (3.5s)
✔ [7021/7061] Built OAI.NumberTheory.DirichletL.Energy.CanonicalErrorUniform (4.3s)
✔ [7022/7061] Built OAI.NumberTheory.DirichletL.Energy.ZeroBalancedDictionary (3.7s)
✔ [7023/7061] Built OAI.NumberTheory.DirichletL.Energy.PositiveBalancedAdmission (4.1s)
✔ [7024/7061] Built OAI.NumberTheory.DirichletL.Energy.CanonicalMainSeparated (4.2s)
✔ [7025/7061] Built OAI.NumberTheory.DirichletL.Energy.ZeroBalancedAdmission (3.1s)
✔ [7026/7061] Built OAI.NumberTheory.DirichletL.Energy.ZeroGrowthSourceControlled (7.8s)
✔ [7027/7061] Built OAI.NumberTheory.DirichletL.Energy.ZeroGrowthPhysicalReindex (2.8s)
✔ [7028/7061] Built OAI.NumberTheory.DirichletL.Energy.CanonicalMainSeparatedPower (4.5s)
✔ [7029/7061] Built OAI.NumberTheory.DirichletL.Energy.PositiveHighBound (7.9s)
✔ [7030/7061] Built OAI.NumberTheory.DirichletL.Energy.CanonicalErrorGaussian (8.8s)
✔ [7031/7061] Built OAI.NumberTheory.DirichletL.Energy.CanonicalMainHomogeneous (3.0s)
✔ [7032/7061] Built OAI.NumberTheory.DirichletL.Energy.PositiveHighSourceBound (3.7s)
✔ [7033/7061] Built OAI.NumberTheory.DirichletL.Energy.CanonicalErrorAdmitted (4.8s)
✔ [7034/7061] Built OAI.NumberTheory.DirichletL.Energy.StageMonotonicity (3.4s)
✔ [7035/7061] Built OAI.NumberTheory.DirichletL.Energy.CanonicalMainSubsets (4.8s)
✔ [7036/7061] Built OAI.NumberTheory.DirichletL.Energy.CappedSuccessorPacking (2.7s)
✔ [7037/7061] Built OAI.NumberTheory.DirichletL.Energy.CanonicalErrorPower (4.8s)
✔ [7038/7061] Built OAI.NumberTheory.DirichletL.Energy.CanonicalErrorHomogeneous (4.4s)
✔ [7039/7061] Built OAI.NumberTheory.DirichletL.Energy.CanonicalErrorSubsets (4.9s)
✔ [7040/7061] Built OAI.NumberTheory.DirichletL.Energy.CanonicalAmplifiedUniform (4.5s)
✔ [7041/7061] Built OAI.NumberTheory.DirichletL.Energy.AmplifierFamilyAdmission (2.7s)
✔ [7042/7061] Built OAI.NumberTheory.DirichletL.Energy.CanonicalAnnularPower (5.4s)
✔ [7043/7061] Built OAI.NumberTheory.DirichletL.Energy.CanonicalAnnularLower (2.7s)
✔ [7044/7061] Built OAI.NumberTheory.DirichletL.Energy.CanonicalLowColumn (5.2s)
✔ [7045/7061] Built OAI.NumberTheory.DirichletL.Energy.CanonicalLowSource (4.5s)
✔ [7046/7061] Built OAI.NumberTheory.DirichletL.Energy.CanonicalHighColumn (5.4s)
✔ [7047/7061] Built OAI.NumberTheory.DirichletL.Energy.CanonicalHighSource (4.5s)
✔ [7048/7061] Built OAI.NumberTheory.DirichletL.Energy.CanonicalRightSourceColumn (5.2s)
✔ [7049/7061] Built OAI.NumberTheory.DirichletL.Energy.CanonicalLowPhysical (8.9s)
✔ [7050/7061] Built OAI.NumberTheory.DirichletL.Energy.CanonicalHighPhysical (9.2s)
✔ [7051/7061] Built OAI.NumberTheory.DirichletL.Energy.NaturalLowPhysical (3.4s)
✔ [7052/7061] Built OAI.NumberTheory.DirichletL.Energy.PositiveHighPhysical (3.1s)
✔ [7053/7061] Built OAI.NumberTheory.DirichletL.Energy.ZeroGrowthPhysical (3.3s)
✔ [7054/7061] Built OAI.NumberTheory.DirichletL.Energy.NaturalHighStage (3.1s)
✔ [7055/7061] Built OAI.NumberTheory.DirichletL.Energy.NaturalLowStage (5.6s)
✔ [7056/7061] Built OAI.NumberTheory.DirichletL.Energy.NaturalZeroStage (5.7s)
✔ [7057/7061] Built OAI.NumberTheory.DirichletL.Energy.CappedLowStage (2.7s)
✔ [7058/7061] Built OAI.NumberTheory.DirichletL.Energy.CappedAnalyticSuccessor (3.4s)
✔ [7059/7061] Built OAI.NumberTheory.DirichletL.Energy.CertifiedExistence (2.6s)
✔ [7060/7061] Built OAI.NumberTheory.DirichletL.Detector.FinalAssemblyUnconditional (2.6s)
✔ [7061/7061] Built OAI.NumberTheory.DirichletL.Nonvanishing (2.4s)
Build completed successfully (7061 jobs).
Exporting #[Quot, Quot.mk, Quot.lift, Quot.ind, OAI.riemannZeta_ne_zero_of_seven_eighths_lt_re, propext, Quot.sound, Classical.choice, Nat.add, Nat.sub, Nat.mul, Nat.pow, Nat.gcd, Nat.div, Nat.mod, Nat.beq, Nat.ble, Nat.land, Nat.lor, Nat.xor, Nat.shiftLeft, Nat.shiftRight, String.ofList, Char.ofNat, List, eagerReduce, Nat, String, String.mk, Char, optParam, autoParam, semiOutParam, outParam] from OAI.NumberTheory.DirichletL.Nonvanishing
Running Lean default kernel on solution.
Lean default kernel accepts the solution
Your solution is okay!
